2608241,tenz,Tenzç§‘ç§‘ç¬‘,False,7159,876,28973,120
870664567587721217,FrontTron,Tron â‚,False,10175,297,10434,55
145092503,p5d12000,å·¥ç¨‹å¸«å¹¹è©±,False,1612,7,82,16
103400210,YuliYang_Ching,Yuli Yang,False,130,283,86,6
1429420779385458693,WordCampTW,WordCamp Taiwan,False,32,44,46,1
158950024,applepiehouse,è˜‹æœæ´¾ ğŸ’” ì• í”ŒíŒŒì´,False,1677,715,38565,20
1399508957249503232,rumicworld1010,é«˜æ©‹ç•™ç¾å­æƒ…å ±,True,389228,9,360,1855
181851152,hhcwt,ç¢°æ°£,False,12776,2120,41934,67
1121336152777080833,TENGA_TAIWAN,TENGA Taiwan,False,5791,199,834,10
3221406758,carl_lin_tw,carl lin,False,6174,477,11520,75
3669881952,gigadgets_,GiGadgets,False,53916,63,3500,423
804313074,__mackoy,ã¾ã£ã“ã„,False,2340,23,457,24
3562121415,RealSexyCyborg,Naomi Wu æœºæ¢°å¦–å§¬,True,187810,2686,84097,1272
204000290,lillianmli,Lillian Li,False,29817,247,4192,580
1148990234903715840,weak_self,weak self podcast,False,2624,3,1171,27
1414771640194408450,binmeiwang,æ–‡å±±å¿—ç²,False,9506,43,68,13
1409838734,ZUIKIInc,æ ªå¼ä¼šç¤¾ ç‘èµ·ï¼ˆZUIKI Inc.ï¼‰,False,1531,632,86,0
10787202,ethanhuang13,13,False,3648,254,17601,71
62405651,funckchen,Funck Chen,False,14,45,246,1
4890784396,Tiancaixinxin,Cindy XL ç”œèœæ¬£æ¬£ (tcxx.eth) ğŸ¥,False,9039,798,743,31
823905,wordpressdotcom,WordPress.com,True,1658834,11251,57085,11298
1186,chrismessina,Messina.eth,True,112309,7902,73760,4801
13990082,SteveMoser,Steve Moser,False,7307,1704,15900,0
69426451,CaseyNewton,Casey Newton,True,145524,898,6201,0
1301805348924264448,sqexdenshadego,ã€é›»è»Šã§GOï¼ï¼ ã¯ã—ã‚ã†å±±æ‰‹ç·šã€,False,20600,3,267,0
101878427,pilotmoon,Pilotmoon Software âœ¨,False,2299,2,2760,216
1217798900959965185,yojuhsu,yojuhsu,False,5,30,2,0
15223870,Mottel,Mordechai Lightstone,True,14996,2399,104365,252
971949394797850625,TechmemePodcast,Techmeme Ride Home,False,1283,20,104,28
1310861189425934341,eew_p,P-Alert EEW System,False,499,35,2800,11
48906333,gasolwu,Gasol Wu,False,544,1231,5676,21
19563366,JoshConstine,Josh Constine ğŸ“¶ğŸ”¥,True,91559,2902,40687,0
1065249714214457345,TwitterSpaces,Spaces,True,397973,120,545,1053
1358053218111004674,effy5o5,effy5o5,False,9,7,0,0
767043,pdavison,Paul Davison,True,57190,497,611,484
66560735,rohanseth,Rohan Seth,True,49241,364,422,337
1242240513811480576,Clubhouse,Clubhouse,True,460807,216,3440,984
2380393933,wendychang1114,Wendy Chang å¼µé›…éˆ,False,171,172,964,2
27590168,bikhim,Bi-khim Hsiao è•­ç¾ç´,True,69300,339,972,262
1042038539800731650,BigTechAlert,Big Tech Alert,False,34472,0,39025,303
1152230855286431747,USAmbUN30,Archive: Ambassador Kelly Craft,False,36135,1130,1792,210
1163992520252153857,mikepompeo,Mike Pompeo,True,1180520,275,1561,2591
35877766,astro_kjell,Kjell Lindgren,True,63770,263,419,1145
259001548,kayleighmcenany,Kayleigh McEnany,True,2204983,2349,23238,5550
14927543,PatrickMoorhead,Patrick Moorhead,True,34661,3215,49382,1176
774328286663041024,LucyBellaEarl,Lucy Bella Simkins,True,37445,522,1635,0
3037043156,OS3plus,ãŠã£ã„œã‚“ï¼‹,False,2424,130,60241,35
17991127,intgovforum,IGF - Internet Governance Forum,False,11767,100,2187,318
320169567,erikammann,Erika Mann,False,348,1263,1628,15
126421710,wjdrake,William J. Drake,False,1363,136,1999,61
3224103708,meetissai,ã‚ãƒ¼ã¡ã£ã•ã„,False,229957,107,2569,1043
3309375033,AppleSupport,Apple Support,True,1374056,33,1417838,5886
9242132,ascentyeh,Ascent ï£¿,False,22,61,71,3
1247266385387978754,chinese_think,How Chinese Think,False,5783,6,696,0
214476148,yimin1116,è¬ä¾æ—»,False,10260,240,4866,262
3291989792,jiajia945,é»‘å˜‰å˜‰Joanne Missingham,False,6525,83,69,82
918477573448806400,roomieoflola,ğŸ•å®¤å‹é˜¿é›ª,False,3590,287,13491,25
13479,photomatt,Matt Mullenweg,True,121911,1600,16433,5975
685513,WordPress,WordPress,True,634333,132,1753,13453
155693752,WordPressiOS,WordPress for iOS,False,24922,8,2243,694
118806118,AliceSaraOtt,Alice Sara Ott,False,18785,144,2033,288
988573326376427520,SecPompeo,Secretary Pompeo,True,2943457,47,4150,7353
15402063,Sputuik,äººé€ è¡›æ˜Ÿè²è²,False,3170,716,14607,10
92551805,sekiguchiaimi,AimiSekiguchiâ›©ã›ããã¡ã‚ã„ã¿,False,80362,6957,62273,1025
2652652308,nightlightchun,ğŸ‘‘éº»é†¬ï¼šâš°,False,7213,1532,55558,19
1165944596087492608,CcVocus,æ–¹æ ¼å­ vocus,False,1245,79,3974,0
1160801199647363072,Mediumrare0806,ç¿å­é¨,False,66,231,27,0
285377470,durayray,é˜¿æ»´,False,69393,112,1280,71
2372894425,haomay226,å¼µå¤§é­¯,False,32,43,8,1
2864845072,SlackStatus,Slack Status,False,27337,344,5421,293
1071037504076173313,3QTan,3Q é™³æŸæƒŸ,False,23965,2,349,72
2452767864,watchoutTW,æ²ƒè‰ Watchout,True,35330,63,2593,0
204245399,nhk_news,NHKãƒ‹ãƒ¥ãƒ¼ã‚¹,True,3211700,21,549661,62782
25067314,FTChinese,FTChinese,False,356335,112,24909,2080
4893133648,Wachsman_,Wachsman,False,3726,1899,2866,160
1120523908266983426,LuminaSociety,Lumina Society,False,4359,22,1085,0
794016,rabbitseeyou,å…”çœ¼çœ‹å¤©ä¸‹,False,78,81,2529,4
1226465515628924930,stevewang0522,ç‹å¸«,False,31,69,60,0
143810986,dw_chinese,DW ä¸­æ–‡- å¾·å›½ä¹‹å£°,True,588814,11,58767,3135
1215979293659942914,atumori_guide,ã‚ã¤ã¾ã‚Œã©ã†ã¶ã¤ã®æ£®ï¼ ã‚ã¤æ£®æ”»ç•¥ã‚¬ã‚¤ãƒ‰,False,176198,3,271,678
20845447,RFI_Cn,RFI åè¯­ - æ³•å›½å›½é™…å¹¿æ’­ç”µå°,True,848437,57,98259,3029
8149482,VOAChinese,ç¾å›½ä¹‹éŸ³ä¸­æ–‡ç½‘,True,1313852,168,222251,5607
2176790760,weworkremotely,We Work Remotely,False,42295,429,47755,967
1238555814526193665,island_designer,Happy Island Designer,False,1307,55,51,7
1239441358676353024,felisimo526,å®‰å‰å‹•æ£®ç­†è¨˜,False,242,88,2802,2
848450138,doubutsuno_mori,ã©ã†ã¶ã¤ã®æ£®,True,1628467,3,1597,7709
906833760972267521,CWM_en,CommonWealth Magazine,True,3142,635,1040,72
1237635774616485890,TeamT5_Official,TeamT5,False,1131,10,184,24
4711717992,MHiesboeck,Martin Hiesboeck,False,55201,3858,68378,998
885032066169135104,MOHW_Taiwan,MOHW of Taiwan,True,66029,146,4484,267
331991456,Kamenozoki,å¯¶é£¾ç•Œå¸é³¥ä¸­åŸLV.10 Â½,False,5270,995,30293,31
97209551,kiss486,MR.486,False,15125,3159,30307,50
15750333,winkai_h,Portman,False,623,737,14124,33
48085489,hellohealth,Hello Health, Inc.,False,6579,611,3955,409
6749832,billypan,billypan æ½˜å»ºå¿—,False,2354,142,4582,54
819824721537605632,Taiwan_CDC,TaiwanCDC,True,81036,68,3433,316
2844510786,BonnieGlaser,Bonnie Glaser / è‘›ä¾†å„€,True,63316,723,15221,1136
333795903,Chi2027,è¾£å€‹æ†¨å‰,False,16407,80,26927,38
403209976,ByChunHan,Chun Han Wong ç‹æ˜¥ç¿°,True,14033,3170,7046,476
49559086,WSJJapan,ã‚¦ã‚©ãƒ¼ãƒ«ãƒ»ã‚¹ãƒˆãƒªãƒ¼ãƒˆãƒ»ã‚¸ãƒ£ãƒ¼ãƒŠãƒ«æ—¥æœ¬ç‰ˆ,True,1005026,27,257445,22822
145216041,yumikoono,Yumiko Ono,True,17416,1205,8858,1432
4103816720,Wenyee_Lee,Wen-Yee Lee æçŸå„€,False,1932,3133,1282,55
22046611,googlesearchc,Google Search Central,True,467047,44,2352,7745
51263711,googleanalytics,Google Analytics,True,1159757,404,13101,18951
260741931,ThinkwithGoogle,Think with Google,True,350057,628,11927,6784
2318864496,ThinkGoogleUK,Think with Google UK,True,29561,2864,4552,490
971300151133442048,souichi0302,è³´ç¸½ä¸€,False,31246,332,1292,93
1023756819125039104,taiwantfc,å°ç£äº‹å¯¦æŸ¥æ ¸ä¸­å¿ƒ Taiwan FactCheck Center,True,53418,542,1632,254
5657172,pbear6150,Muuu,False,717,505,25937,62
222953824,TwitterGov,TwitterGov,True,2374547,31,6465,4930
33724251,wangjoyu,Joyu Wang ç‹è‹¥ç¾½,False,1479,334,269,10
149002880,joyuwang,Joyu Wang,True,5221,1979,2619,145
10121952,ronnywang,æ¦®å°¼ç‹,False,5429,156,3926,24
1207804354075471873,HindsightFiles,Hindsight is 2020,False,19250,1,142,0
96043539,sakon1102,sakon lee,False,17,167,416,0
3248407692,StarRocket,ä¸‰å‰µè‚²æˆ Star Rocket,False,1157,0,3262,24
1029381799208579074,AceTaiwan,é™³è‰¾æ–¯,False,5498,787,20304,37
810003446011043840,Tawei_Chi,TheMembranes Ta-wei Chi,False,1572,1970,14925,18
74089098,Ralphsun73221,æ¨ç‰¹ä¸Šå¤ Å˜ å…¬ aka å¥³å‹è…¦ç²‰ï¼Œæ›¬å¥³å‹ç‹‚é­”ï¼ˆÅ˜Î”ÅÆ¤Ä¦ï¼‰,False,1139,2356,35161,20
1077949775624818688,TaiwanEBook,å°ç£é›»å­æ›¸æœå°‹,False,774,2,37,7
9373552,lovecankill,lovecankill,False,1855,3087,28144,44
8702802,mangoice,mangoice,False,543,843,23752,28
1199812749469126657,bluesky,bluesky,True,74319,1,67,630
17082341,yorkxin,Metaæ»·å‘³,False,1919,139,5251,79
17641380,brucehsu,Bruce ğŸŒˆ Taiwanese,False,928,271,16505,18
2548442492,TWdoesntLoveMe,ä¸å¤ªOK,å°åŒ—ğŸ˜®â€ğŸ’¨,æˆ‘,False,2975,344,6565,19
2327098700,Astrophile10111,AstrophileDaily.comâœ¨ğŸ”­,False,55121,13371,4972,364
38576013,60Mins,60 Minutes Australia,True,177119,310,19635,812
1084632301361745920,nefertaribaby,å¥ˆè²çˆ¾å¡”è‰,False,7279,702,37619,0
188011895,badboy99tw,á´ºá´¼áµ€A'khun,False,915,546,27661,9
3318419779,sniurbu,é¡›å€’å»¢å¢Ÿ,False,53,45,482,1
1181998641231417345,checkra1n,checkra1n,False,131251,16,130,381
176890007,131273y37848,BrLi å†æ™æ‰ä¸€ä¸‹,False,75,380,40603,3
771616958,gruberjl,John Gruber,False,3370,1542,730,29
1123227507631820803,ozm,OneZero,True,29489,156,19256,610
66124383,startitup_,Start it up,False,45655,2,2782,781
821365617794039809,minato__mio,æ°´æ¹Šã¿ãŠ #ãƒãƒãƒãƒãƒ³ãƒ“,False,189858,309,9194,1202
2294616090,NetHistoryPod,InternetHistoryPod,False,4220,897,1309,66
65227921,saiday,å“¼å”§æµ®æ¼“äºº,False,3955,1167,18529,50
10908282,jnlin,Jui-Nan Lin,False,427,279,4697,19
1316867222,airi_kijima,å¸Œå³¶ã‚ã„ã‚Š Airi Kijima,False,471189,6326,45462,1775
1103439671575498752,ZhongjingLiu,Liu Zhongjing | åŠ‰ä»²æ•¬,False,976,0,3,3
7342762,prettyblue,ä¸€å§Šåƒä¸Š,False,445,0,2119,5
92441318,realLowpayman,ä½çµ¦æ–™é’å¹´â„¢,False,4779,85,52179,27
1948373377,JoeVCTW,Joseph Chan,False,37,129,4,1
14865923,21darthman,é„§ä¸éº—å›,False,6011,1034,142395,89
79209278,miau715,Miau Huang ğŸŒˆ,False,1330,559,9512,18
34558430,Evan_Lin,Evan Lin@LINE DevRel,False,1846,667,9900,163
11222232,pingooo,pingooo,False,2139,237,5166,33
17388833,tkalu,tka.lu,False,2412,466,8793,35
14889410,eddiekao,é«˜ è¦‹é¾ ğŸˆ é ‚ç´š 5 å…‹æ‹‰,False,3465,1156,3744,0
4821161,ericsk,Eric ShangKuan,False,3628,492,11179,92
2289782538,NgHuiQin,Ng Hui Qin,False,479,194,564,6
14276445,workboy,workboy,False,324,3930,10197,4
964603543,IIringo,iRingo,False,60,499,1448,1
221424612,vnp719,ãƒ´ã‚¡ãƒãƒƒã‚µãƒ»ãƒ‘ãƒ³ï½œå®Ÿæ¥­å®¶ã‚°ãƒ©ãƒ‰ãƒ«,False,62612,504,14411,0
72017800,_3u20j,_3u20j,False,3,4,24,0
128572982,Meracat_,ç¾æ‹‰ ï£¿,False,543,703,109569,18
3007667851,tweet_maruko,ã¡ã³ã¾ã‚‹å­ã¡ã‚ƒã‚“ã€å…¬å¼ã€‘,True,117796,20,5672,315
56788204,moooings,å¤§ç‹,False,1694,341,27539,24
16906660,Grummz,Grummz,True,84876,3266,2799,622
33509046,joannie_huang,Joannie Huang ğŸ¤¸,False,856,1370,4785,59
1004986516618145792,maxine_maz,á´ºá´¼áµ€ Maz,False,443,391,2186,4
869757771708747776,gj_taiwan,èšçè‡ºç£,False,11082,18,567,69
1673763672,OvercastFM,Overcast,True,37309,0,2348,1349
1160176030289502208,Enoch_TW,å³æ€¡è¾² Enoch Wu,True,20200,2,488,83
969759229568466944,Subeng91,Subeng1918ï¼ˆSu Beng-å²æ˜æ–‡ç‰©é¤¨ï¼‰,False,3376,954,296,14
125723797,curiouspub,Curious,False,36547,2,18028,609
292699328,Under23line,è—é‘«,False,183,582,3995,2
1069906376741146624,SamanthaandMike,ğŸŒºéœ€è¦æ€§æ„›çš„ç¾å°‘å©¦ğŸŒº,False,148662,181,4545,153
825286859743846401,hannah10801,HN,False,3222,502,24107,9
815297463695327234,netblocks,NetBlocks,True,136211,0,3460,1156
1020720650023923712,sixtutu622,å…­äºŒäºŒåŒå­¦,False,168831,130,972,786
29856916,vlanci,King of Kangarooland,False,1849,909,65309,24
193993207,sheseee,Carol ğŸ³ï¸â€ğŸŒˆ Liked,False,1836,1112,13213,32
342828965,ViennaDoLL,ãƒ´ã‚£ã‚¨ãƒ³ãƒŠ,False,863554,63,45267,1846
927444601882812416,searchliaison,Google SearchLiaison,True,131724,16,443,1822
3858632472,gonzo7777777,gonzo,False,2240,143,4950,10
21082756,en_germany,All about Germany | deutschland.de,True,303210,2654,24270,638
1023392442148519936,BetaProfiles,Beta Profiles,False,11243,2,168,40
1113367288873246722,kerrypoki,Chi,False,20,59,40,0
13298072,Tesla,Tesla,True,11958855,79,7730,19026
776371877853790213,mgmmd08010,ã‚¢ãƒ’ãƒ«ã®ãƒˆãƒ,False,20230,92,64995,297
7007922,pirrer,fox hsiao,False,1392,669,7248,39
110520327,asymco,Horace Dediu,True,66958,404,75470,3585
1101322230187716614,ptstaigi,å…¬è¦–è‡ºèªå°,True,17029,20,2645,111
3245142196,GoogleNewsInit,Google News Initiative,True,119193,235,3875,2419
933164946,ZeroZero93,å±±ç”°ã€€ä¸‰æ¯›çŒ«,False,12822,199,3305,103
3033825421,Vet_Chicken,å°é›é†«ç”Ÿ,False,13334,628,35549,35
6608392,froggychiu,é‚±å¨å‚‘,False,4452,53,1188,24
2228878592,AndrewYang,Andrew YangğŸ§¢â¬†ï¸ğŸ‡ºğŸ‡¸,True,1851759,8743,29885,6110
818910970567344128,VP45,Vice President Mike Pence Archived,True,10055855,14,9385,12788
53518563,SmithsonianChan,Smithsonian Channel,True,72040,1545,25410,1113
16245822,NSF,National Science Foundation,True,1223684,132,21072,11065
118756393,AmbJohnBolton,John Bolton,True,830626,1198,5470,5209
1081881667038371840,hirokidotnet,hiroki.net,False,1488,1,6,1
8962882,Jessicalessin,Jessica Lessin,True,93285,1490,10810,3122
958169280075374593,TaiwanPresSPOX,Taiwan Presidential Office Spokesperson,True,40503,132,753,225
20571756,satyanadella,Satya Nadella,True,2697936,263,1429,9510
14130366,sundarpichai,Sundar Pichai,True,4104362,360,1653,8296
3223134355,panmenan,å±æ±ç¸£é•·æ½˜å­Ÿå®‰,False,1142,1,2053,5
275686563,verge,The Verge,True,2888150,180,202037,37385
816653,TechCrunch,TechCrunch,True,10167738,971,232147,108690
908632287482232833,miechakucha,ç­èŒ¶è‹¦èŒ¶,False,4246,14,1359,55
715701961912225794,yitianshijieipn,ä¸€å¤©ä¸–ç•Œ,False,12402,13,5984,181
48436234,ApplePodcasts,Apple Podcasts,True,624476,1819,6704,4911
2436792475,wanwangomigomi,è¥¿æ²¢5ã‰ğŸ¦€äºŒæ—¥ç›®è¥¿ã²43a,False,665097,926,12171,6073
387086444,foreman_william,William Foreman |å‚…ç¶­å»‰,True,5255,1081,6867,0
381912726,airishimizu,æ¸…æ°´ã‚ã„ã‚Š,False,351788,912,17415,1510
15958614,markgurman,Mark Gurman,True,199054,1949,9002,4385
1052211599312732160,shiroikyotou_ex,ãƒ†ãƒ¬ãƒ“æœæ—¥ã€ç™½ã„å·¨å¡”ã€ã€å…¬å¼ã€‘ã‚¢ã‚«ã‚¦ãƒ³ãƒˆ,True,10612,11,261,0
3317233336,fs0c131y,Baptiste Robert,False,238183,4148,27583,1352
156827687,isawamaho,TÃ¢n Äª HÃ´ng é™³æ˜“å®,False,10435,49,13758,75
804543102132158464,laichinan,å‰¿åŒªå­¸é™¢,False,18917,633,16109,95
1083285025137651712,EVthings_TW,EVthings,False,24,2,21,2
976995099170062338,MOFA_Taiwan,å¤–äº¤éƒ¨ Ministry of Foreign Affairs, ROC (Taiwan) ğŸ‡¹ğŸ‡¼,True,298919,675,4938,987
1078556787001810945,rakuraku166,è½è½Raku_66ğŸ¾,False,55999,50,130,232
4224570133,eason9487,Eason,False,405,155,852,2
1058521725984432129,skyuptown1,å¤©ä¸Šé˜,False,3016,18,427,29
2177038028,Hacker0x01,HackerOne,True,181151,3536,7658,1614
835145294337753088,CVEannounce,CVE Announcements,False,14876,3,887,219
821806287461740544,CVEnew,CVE,False,34087,2,82500,618
1072502907365339136,chimaichen,é™³å…¶é‚,True,60527,67,593,171
1002084811,CommonsDCMS,Digital, Culture, Media and Sport Committee,True,23462,752,4631,362
14758838,DamianCollins,Damian Collins,True,30390,9414,11336,785
18759397,dreamhousechen,Howard Chen,False,48,117,912,0
1059790152363659264,1106_pig,è‡ºç£æ¨ç‰¹äº‹ä»¶å°ç²¾éˆ,False,182,46,6,2
100167719,ichiku37,è”¡äº¦ç«¹,False,6129,1262,1888,16
1051731003377561600,voicettank,æ€æƒ³å¦å…‹ Voicettank,False,530,98,210,8
17099704,iBeetle,iBeetle,False,636,401,11817,10
412940784,kantei,é¦–ç›¸å®˜é‚¸,True,1463441,73,15723,14899
919463549780426752,ideeati,ç„¡ç¾åœ‹æ™‚é–“ÃªåŠ ç­ä»” 1218å…¬æŠ•ğŸ—³ï¸4å€‹ä¸åŒæ„,False,702,214,11536,6
17654120,Tasuka,Tasuka Hsu,False,1599,253,217377,72
468122115,AbeShinzo,å®‰å€æ™‹ä¸‰,True,2303309,22,2330,13092
20832113,gassee,Jean-Louis GassÃ©e,False,16921,179,57493,1032
17714681,filloux,Frederic Filloux,False,9317,957,3168,614
6178642,EbiTasha,Natasha,False,1951,906,145482,55
750613,kgl,kgl ï£¿,False,546,456,7331,26
758418536,10Bulldozer01,å‘è¨€äººï¼Œæ¨ç‰¹ï¼Œåœ°ä¸‹,False,12770,319,12919,0
2865179814,LifetimeUSCN,LT è¦–ç•Œ,False,257096,213,26229,1486
970777527055564800,netflixqueue,Queue,True,346766,745,4786,1102
16573941,netflix,Netflix,True,14218373,1974,41981,18888
117318017,DigitalHeadhunt,Angela Ng,False,115,42,87,0
1026022857451732994,privacyis1st,Privacy 1st,False,1346,98,718,35
781676758932262912,NetflixResearch,Netflix Research,False,9424,59,194,177
69126756,WeAreNetflix,We Are Netflix,True,37732,646,4258,312
105400714,dddnibelungen,é»è¸è—¤,False,1929,56,3325,26
15865878,NiemanLab,Nieman Lab,True,303963,867,56089,13084
322212195,hydra_lin,ğŸŒˆHydra Lin ğŸ³ï¸â€ğŸŒˆ,False,255,838,35130,43
927314469600088064,OneDevloperArmy,One Devloper Army,False,25272,1,687,162
597280883,AmChamTaipei,AmCham Taiwan,True,5938,260,3198,92
1923374760,exponentfm,Exponent Podcast,False,17221,3,222,367
40273,benthompson,Ben Thompson,True,208796,1636,70777,5759
16036960,webfoundation,World Wide Web Foundation,True,57513,1380,23071,1733
2916305152,Snowden,Edward Snowden,True,5053565,1,6671,22664
84351228,timberners_lee,Tim Berners-Lee,True,348116,674,1071,10315
52476428,leemausheng,æèŒ‚ç”Ÿ,False,6198,0,3982,30
31697960,FrankctHsieh,è¬é•·å»· Frank CT Hsieh,False,13599,21,5279,118
7857172,mrmoneyc,m0neyc @ãŒã‚“ã°ã‚‰ãªã„ ğŸ’¤,False,927,897,27459,66
436429668,NikkeiAsia,Nikkei Asia,True,284959,78,114830,3041
39272336,quitewritertw,nonoe,False,2648,649,29268,11
88776463,videolan,VideoLAN,True,23638,180,10054,801
965819393367146499,lokunlim,LÃ´ Kun-lÃ®m ğŸŒ Lulji,False,2962,1618,118963,22
705144961230974976,LLW48,ä¸–é–“å¥‡å¥³å­2.0 ğŸ™…ğŸ»â€â™€ï¸,False,2462,235,2478,8
311299493,avdwoodsen1016,å¥³ç¥å­¸å§Šé¨™æ®ºå…¨åœ‹ï£¿,False,4209,434,15933,14
14783552,yehchihtao,æŸæ—å¿—ç²,False,1072,1253,8561,10
619283,hypnotist,Bá´‡É´Éªá´›á´,False,659,636,3754,11
2299361,zmei,æ›¾å°å’©ï¼ˆzmeiï¼‰,False,2941,1496,22436,22
27847739,yazurd,Optimistic Nihilism,False,1337,651,16902,3
2883512186,NoTechBen,NoTechBen,False,10643,420,40263,508
8951972,littlesocks,ï£¿ è¥ª è¥ª åœ‹ ç‹ ï£¿,False,8249,764,61232,51
932998543815536640,Ding1204,,False,47979,1,82,162
705643352050413569,AircraftSpots,Aircraft Spots,False,99618,252,9100,1244
2465856127,POT11222449,æ¸…æ¾„çš„æ­»é­šçœ¼å¤§å”,False,1874,66,183495,47
754817552,M157q,M157q.py,False,3232,2075,82679,144
1502,brianmcc,Brian McCullough,False,7720,2117,8867,224
4562082869,arcxp,Arc XP,False,1160,104,194,29
4056056338,WapoEngineering,Washington Post Engineering,True,6597,1501,1715,168
89421672,USA_China_Talk,ç¾å›½é©»åä½¿é¢†é¦† US MissionCN,True,1190532,95,10814,0
375396197,honglong0420,æ˜¯æ“…é•· workaround çš„æœ‹å‹å‘¢ï¼,False,1582,5001,9660,114
747035091256258564,se_monogatari,è»Ÿé«”å·¥ç¨‹å¸«ç‰©èª,False,770,0,24,0
919949688287084545,MattersLab,Matters ğŸŒ is hiring,False,6573,239,2628,71
821030674270330880,zhanglucy88,LUCY,False,72532,434,39871,245
17595489,RFA_Chinese,è‡ªç”±äºšæ´²ç”µå°,True,731592,3313,122648,0
858434007721062400,brother_chui,åŒ—ç¾å¹å“¥,False,99803,340,11648,502
139023920,isearthquake,å‰›æ‰çš„æœ‰æ„Ÿåœ°éœ‡åœ¨å“ªè£¡ï¼Ÿ,False,5406,38,346,30
13418072,stevesi,Steven Sinofsky,True,198034,5310,13481,3142
2835851262,focustaiwanjpn,ä¸­å¤®ç¤¾ï¼šãƒ•ã‚©ãƒ¼ã‚«ã‚¹å°æ¹¾æ—¥æœ¬èªç·¨é›†éƒ¨,False,18422,163,5719,429
777852944112717824,TaiwanWind,å°æ¹¾ã®é¢¨,False,4992,31,7122,102
68894212,rewoIf,ç¿çˆ¾èŠ™,False,13973,273,11381,82
134488229,selimac,Miles Hsu,False,246,106,2919,6
7025112,jserv,Jim Huang,False,8642,5917,17291,152
14348772,no_difference,ç„¡å·®åˆ¥ï¼šè€³æ©Ÿè·Ÿå¤§è…¦ä¸€æ¨£æ˜¯å€‹å¥½æ±è¥¿ï¼Œæ¯å€‹äººåœ¨è¾¦å…¬å®¤éƒ½è©²æœ‰ä¸€å‰¯,False,2356,925,39764,40
270740596,taehitoto,ä¸€é’å¦™,False,9350,855,7799,218
598232506,vgcerf,vinton g cerf,True,32738,19,675,710
8719142,jasonbosox,å³å¥•è» JasonWu,False,2102,531,67555,319
1233663476,stratechery,Stratechery,False,136254,3,736,3176
171825810,wbs_tvtokyo,WBSï¼ ãƒ†ãƒ¬ãƒ“æ±äº¬ã€€å¤œ10æ™‚ã‹ã‚‰æ”¾é€ä¸­ï¼ˆé‡‘æ›œã®ã¿å¤œ11æ™‚ï¼‰,True,228016,9400,9909,4557
2842539434,TinyDenny,Denny Ku,False,10494,301,5520,55
813286,BarackObama,Barack Obama,True,130383106,587737,16322,222274
14091091,NASAHubble,Hubble,True,7323488,138,6457,12774
8307912,_inside,Guilherme Rambo,True,61785,1649,15245,1534
49730238,juntaowang,ç‹å†›æ¶›,False,184465,662,4589,687
23574948,wuerkaixi,å¾çˆ¾é–‹å¸Œ Wu'er Kaixi,False,144494,1354,1815,1008
1050782328,DOStatus,DigitalOcean Status,False,14739,1,8169,188
7748892,zhusee2,ZhuseeğŸ³ï¸â€ğŸŒˆ,False,2039,466,24020,37
17246671,MoreyChang,Moreyï£¿,False,285,87,12169,14
1376519076,PoFengLee,Po-Feng Lee,False,122,86,7125,4
25478004,taispy,Holly éŸ“è·éº— ğŸ‡¹ğŸ‡¼,False,2544,1349,19284,169
109190714,31104423,ä¸‰ä¸€åå››å››äºŒä¸‰,False,4421,245,32426,108
1471319132,TelumMedia,Telum Media,True,7969,109,10975,86
32956965,gintou,æŒ–å¸å¹¾å’§é‡‘æ¡ƒğŸŒ¿ãƒ¾(è¼•âˆ€æµ®) ï¾‰ğŸ§¼ å››å€‹ä¸åŒæ„ï¼,False,530,227,84345,31
5699,stewart,Stewart Butterfield,True,136737,3067,12520,2803
768756228570906624,LiuZhongjing,Zhongjing Liu | åŠ‰ä»²æ•¬,False,53733,162,28953,408
3356531254,internetofshit,Internet of Shit,False,454403,252,7169,3784
36711678,NOAASatellites,NOAA Satellites,True,1560148,622,14968,5970
138641150,epoquehu,Thomas Hu,False,580,1519,568,28
75786783,ARuFa_FARu,ARuFa,False,964223,664,33197,4207
3287357552,AjitoraAsia,Ajitora,False,33,12,73,0
138109273,tahr1984,Taiwan Association for Human Rights,True,3019,106,7542,76
1576961,riverformosa,Rio,False,177,193,1382,8
7139882,yinchuchen,YingChu Chen,False,787,1001,17098,42
158615563,crystaltu_,Dr. Chen-Yi Tu (Crystal),False,830,543,3919,85
2944798004,TaipeiIO,TaipeiIO,False,99,86,399,17
1443780630,oktaiwanonline,OK Taiwan é–‹æ”¾çŸ¥è­˜,True,1898,832,3799,0
3075309993,bowenpress,åšé—»ç¤¾,False,254112,15,50858,1104
3232393554,initiumnews,ç«¯å‚³åª’ Initium Media,True,188209,590,25011,1457
747130347591131137,TainanTravel,å°å—ã®è¦³å…‰,False,10808,138,1724,149
29942836,fangkc,FANG Kecheng æ–¹å¯æˆ,True,88936,591,853,229
2718126708,wanquribao,Wanqu æ¹¾åŒºæ—¥æŠ¥,False,22948,245,34022,392
15260932,gagachi,ä¸€äººå°åŠ‡å ´( ` Ï‰ Â´ )ğŸ¯å››å€‹ä¸åŒæ„,False,6469,787,114995,45
397158338,kirafuRyu,Kira Fu / å‚…å›å‰,False,307,0,1183,40
2597860738,linjiahui0716,æ—æœ¨æœ¨,False,41161,8,803,188
579494920,ulywang,ç‹ä¸° Wang Feng,True,15412,1479,14675,422
10194392,reneritchie,Rene Ritchie,True,136806,1087,1938,5118
712216098,lamtha0,å¾®é¢¨å°æœˆ,False,955,507,25962,11
3190210584,natukasitaiwan,æ‡ã‹ã—ã®å°æ¹¾70ã€œ90å¹´ä»£,False,6103,640,813,87
2852009622,pan_icu,å†…æ ¸ææ…Œ,False,3735,2,218,56
2827296030,IPNpodcast,IPN,False,5879,12,523,71
113130846,ycombinator,Y Combinator,True,1139120,311,9157,9437
86659057,RioJot,Rio,False,11162,517,15480,164
5943622,pmarca,Marc Andreessen,True,863366,20740,361,13669
177547360,liruyi,Lawrence Li,False,15635,1473,9332,223
2164237010,ITgonglun,IT å…¬è®º,False,4886,9,1348,83
46574977,ChineseWSJ,åå°”è¡—æ—¥æŠ¥ä¸­æ–‡ç½‘,True,1437046,478,56283,5955
3178430684,SlackLoveTweets,Slack Love,False,2784,4,10340,278
10130392,pofeng,pofeng,False,2130,453,3753,42
15268553,queeniekimi,Kimikoå¥‡ç±³å­ğŸµ,False,5782,909,287732,80
2462549520,JPNatArchives,å›½ç«‹å…¬æ–‡æ›¸é¤¨,True,56386,22,5977,1791
281686342,CustomWu,Custom,False,57,40,50,1
1356364566,Hector1738,Hector,False,171,1240,5424,13
14258388,kay_de,Kay,False,180,463,327,14
44196397,elonmusk,Elon Musk,True,65634871,106,16240,82243
37570179,arrington,Michael Arrington ğŸ´â€â˜ ï¸,True,287237,4520,23691,9608
3097179781,TenzOnApple,Tenzçš„Appleé›œè,False,58,9,40,3
620632841,nytchinese,çº½çº¦æ—¶æŠ¥ä¸­æ–‡ç½‘,True,1708973,380,61603,0
33423,gruber,John Gruber,True,367346,1576,81982,11125
450924667,AmandaRosenberg,Amanda Rosenberg,True,19645,889,433,152
11907642,bamobeni,bamobeni è²å¦®,False,2777,659,76404,50
746913,wildcat,é‡è²“,False,301,742,2348,10
4417691,klairelee,æå°å…‹,False,6014,193,20848,74
6534282,silverquick,éŠ€è‰²å¿«æ‰‹,False,565,0,3956,13
14889425,stupid77,è‰¾æ–‡ç¢ç¢å¿µ IvanLin,False,2225,1499,4000,0
116850399,kenjigotoip,å¾Œè—¤å¥äºŒ,False,22149,39,234,300
8011702,mjtsai,Michael Tsai,True,6729,654,18022,354
19606246,musa,Musa,True,36838,4422,14343,943
22938914,stevewoz,Steve Wozniak,True,634143,95,7553,9233
1636590253,tim_cook,Tim Cook,True,13162436,70,1265,23340
42202925,teddy543,å—å‹¢è§’å§œæ–‡,False,975,0,10173,14
13334762,github,GitHub,True,2182083,326,6663,16813
32468665,googledrive,Google Drive,True,2046582,104,35135,10095
1305940272,SlackHQ,Slack,True,456402,142472,283988,6604
794329,davidkarp,David Karp,True,36926,56,16,1012
243662948,RichardHammond,Richard Hammond,True,3067275,138,2841,5694
92727851,MrJamesMay,James May,True,3182093,260,12577,6431
527526077,JeremyClarkson,Jeremy Clarkson,True,7561878,198,7741,9638
340878876,hu_jia,Hu Jia èƒ¡ä½³ ğŸ˜·,True,150169,5246,63204,758
2598250147,PunchlineAsia,Punchline,False,315,36,2141,0
577197764,fangongheike,åå…±é»‘å®¢,False,13372,0,1239,90
130429681,haoel,Hao Chen,False,53884,950,3536,548
2459272207,ntbtaiwan,åŒ—å°ç£éº¥é…’ North Taiwan Brewing,False,584,32,217,15
19564408,yukarikane,Yukari Iwatani Kane,False,4274,2127,982,297
1589345018,Camducklee,ææ˜ç’ Mingtsung Lee,False,8247,308,2862,51
265205959,Kantei_Saigai,é¦–ç›¸å®˜é‚¸(ç½å®³ãƒ»å±æ©Ÿç®¡ç†æƒ…å ±),True,2937389,20,6896,45453
1491190364,earthquake_tw,å°ç£åœ°éœ‡é€šå ± bot,False,3554,0,3214,70
240935565,mouson,mouson,False,1197,987,6833,23
2244340904,Recode,Recode,True,376295,646,46971,11165
10476462,adamdangelo,Adam D'Angelo,True,55938,850,899,1128
636623,kylechen,é™³å‡±çˆ¾/KYLE,False,1795,2264,24148,43
906530270,iBBCall_Air,ti lÃ¡u-tuÄï£¿è±¬è€å¤§,False,3494,245,22133,19
9534522,Pogue,David Pogue,True,1302368,1843,11921,18881
29912315,odin_asgard,Odinæ˜¯å€‹Blogå‚»ç“œ,False,1020,193,42349,57
7704342,huar,huar pi å¥½æ´¾,False,683,1216,137599,24
1565291311,thenewslens,The News Lens,True,15480,78,53007,0
8555542,cathelion,Cathy C,False,259,280,249,2
571202103,Medium,Medium,True,2238593,376,48326,12848
111259686,NintendoGC,Goston ï£¿ è”¥çˆº,False,4917,454,87413,118
27809643,CJayZhou,C Jay,False,238,37,4555,13
7780572,JediLin,ğŸŒˆJediğŸ¦»ğŸ‘“,False,1095,402,25716,27
13462722,dannylin3000,Danny Lin,False,415,1240,534,8
567665280,Quibb,Quibb,False,16953,12371,21776,368
92833297,michinara3,yoshitomo nara / å¥ˆè‰¯ç¾æ™º,True,267106,16,53458,3956
17267400,tuzzi,tuzzi,False,8182,257,85606,94
7028672,effieyang,Effie,False,21,78,254,0
764208,sugizo222,Lawrence,False,116,271,5786,9
3108351,WSJ,The Wall Street Journal,True,19259125,1046,357696,3
3283901,andrewchen,Andrew ğŸ‡ºğŸ‡¸,False,233960,10318,25742,6863
101211951,hirakujira_,çš®æ¨‚ ï£¿,False,70,74,748,5
177599896,noahyehtw,Noah Yeh,False,88,44,155,4
10760422,daringfireball,Daring Fireball,False,97936,1,22052,6334
6995212,anxinzuozhu,å®‰çŒª,False,7008,192,7296,134
212282834,PanSci,PanSci,False,2720,138,9793,104
14138230,valetinekimo,æ‹·ç§‹å‹¤--èŒƒå§œ,False,510,0,5812,17
54954134,coscup,COSCUP,True,1392,23,942,30
740423,cornguo,CornGuo ğŸ•ğŸˆ,False,647,591,95050,20
14696244,puncar,Puncar èƒ–å¡,False,251,83,842,15
343164242,stephenlee,å²è’‚èŠ¬æ,False,595,793,15691,19
18448683,anomura,Inagaki Ayumi,False,911,406,4304,28
69835923,ikeahacks,ikeahackers,False,11786,55,10776,443
38585272,chenglap,Cheng Lap,False,7806,2426,27935,110
13348,Scobleizer,Scoble,True,395265,2583,99283,22493
21237045,Flickr,Flickr,True,1120059,269,13610,10563
1720801,htchien,Ted Chien,False,1406,2480,70085,115
5709522,mranti,Michael Anti,True,270488,10921,185728,2891
11204762,bhc3,Hutch Carpenter,False,6750,2989,21249,769
213189093,wildjcrt,Jerry Lee ğŸ¦€,False,1152,676,41025,52
274626857,tweetbot,Tweetbot by Tapbots,False,264441,4,79537,5017
14804903,richardlai,Richard Lai,True,26130,2240,66814,744
14370153,ricebug,ç±³å…¬å…¬åé ­ç—›,False,277,309,19013,5
224301607,puomo,æ½‘å¢¨æ›¸æˆ¿,False,831,280,988,28
7352122,gamestu,HWY,False,281,204,2565,8
53855423,AppleTaiwan,Apple Taiwan,False,737,0,26812,46
74594552,AppStore,App Store,True,4501277,23,10600,23164
13489422,arum,ã‚€ã‚‰ã•ãã—ãã¶,False,1569,780,5117,13
12587522,marioyang,Mario Yang,True,1301,487,2908,26
88960222,attraittw,2QT2BSTR8Â®ï¸,False,2686,375,161205,45
5582712,kaxing,kÌ¾aÌ¾xÌ¾iÌ¾nÌ¾gÌ¾ğŸ›¸,False,1024,647,19648,66
16105647,vincicat,Vinci the Cat ğŸ˜·,False,3168,755,304616,270
20257973,amanda_lam,Amanda Lam,False,1375,717,14045,89
108930228,RGBA_,RGBA ç¶²è·¯è¨­è¨ˆå¸«èšæœƒ,False,1186,12,1022,40
5637652,codinghorror,Jeff Atwood,True,282517,258,78508,9309
752673,jeresig,John Resig,True,259160,2671,10213,9310
66238299,yichenglai,Y.C. LAI è³´æ¡‘@Taiwan,False,306,1779,5964,0
7053782,izero,Izero Lee,False,250,110,2060,9
7051842,alexwu56,Alex WuğŸŒˆ,False,604,524,33862,23
16171098,ccyy1221,C.Y. Vivi Huang,False,13,0,20,0
30614567,icjan,I-Chien Jan,False,1147,780,4865,30
11447702,wiselysong,æ­ª,False,338,174,6619,16
652193,mgsiegler,M.G. Siegler,True,189303,1255,71105,7945
72240696,RackyLo,Racky Lo ï£¿ ETO,False,499,453,10695,14
1777511,hecaitou,å’Œèœå¤´,False,213390,99,21417,1442
5976512,timdream,Timothy Chien,False,3243,893,13456,0
5810732,emisjerry,ç°¡ç¿,False,104,334,1623,3
16669898,tapbots,Tapbots,False,293776,5,15580,5727
707293,fangho22,Leslie,False,116,97,317,6
271829019,SunjiaT,Sunjiatseng,False,24,80,32,0
155814794,iingwen,è”¡è‹±æ–‡ Tsai Ing-wen,True,1719822,25,3845,4848
180505807,instagram,Instagram,True,34141687,251,14460,31870
5763262,karaswisher,Kara Swisher,True,1440174,1971,157024,15949
13475802,JohnPaczkowski,John Paczkowski,True,39555,2358,3718,2057
794870,richy,Richy Li,False,2167,2565,7612,63
87100088,kiichigotou,å¾Œè—¤,False,209,207,4492,24
229867741,birdlg,å…¨åŸç†±æ„›å¤§é³¥å“¥,False,50,43,102,0
6699112,maopopo,maopopo,False,40,8,637,0
13058232,noaheverett,âš¡ï¸ Noah,True,3265774,1899,9044,10323
229031550,COCO0806,Coco,False,315,405,1021,10
172169260,TheFabulousMsKc,å¤–åˆŠITè¯„è®ºç½‘,False,1240,1299,2378,31
1159251,shervin,Shervin Pishevar,True,109879,6688,42760,3045
105895323,ricmac,Richard MacManus,True,8997,2192,13336,600
12787722,sagax,Ryan Liao,False,24,56,106,1
6996702,PatPat603,OMG,False,18,252,331,0
14935401,kouko_d,kouko _d,False,1812,137,15757,83
7007382,clsung,Cheng-Lung Sung,False,442,202,3234,27
27600414,bughunting626,Gery Chen,False,30,251,238,0
7403862,audreyt,Audrey Tang å”é³³,True,217542,29,2761,1257
17104751,pschiller,Philip Schiller,True,265114,232,882,5611
5196731,siegfy,Siegfy,False,965,716,122917,44
14264650,Hsuyenchi,Hsuyenchi,é˜¿ä¸ˆï£¿,False,205,476,2259,5
133622918,swpave,è±¬å°è‰,False,4525,1601,128321,112
15944436,9to5mac,9to5Mac.com,True,687012,27,80877,13501
16865364,ifanr,ifanr.com çˆ±èŒƒå„¿,False,144271,5357,31044,1226
9594432,tpms63,tpms63 ï£¿,False,509,817,5596,4
10228272,YouTube,YouTube,True,73798186,1208,39451,1
13925232,hao520,Chih-Hao Tsai,False,8920,189,30287,164
185905588,iBBCall,è±¬è€å¤§ï£¿,False,782,252,27507,30
15014959,Frontiertw,Frontiertw,False,427,259,1588,29
13149282,writeamanda,Amanda Chen é˜¿æ›¼,False,692,404,4046,19
7948072,ihower,ihower,False,8587,901,5890,0
14761795,TEDchris,Chris Anderson,True,1545005,828,5361,16452
20,ev,Ev,True,1710967,1192,8470,18392
783214,Twitter,Twitter,True,60517196,0,14858,87603
1344951,WIRED,WIRED,True,10256133,435,137286,89318
50940456,kaifulee,Kai-Fu Lee,True,1522233,645,3615,6188
50393960,BillGates,Bill Gates,True,56349607,342,3731,121561
12,jack,jackâš¡ï¸,True,5983271,4479,28094,31173
93957809,ericschmidt,Eric Schmidt,True,2229422,242,1010,18943
2384071,timoreilly,timoreilly,True,1701288,2141,47942,26041
5746452,waltmossberg,Walt Mossberg,True,849875,1469,28747,17742
989,om,OM,True,1289567,1672,60531,13374
717313,arstechnica,Ars Technica,True,1149912,1336,121716,28193
18527603,caquibi,ç¥è¡Œ=ç¥é£„,False,161,107,9871,7
14216702,benpatt,Ben Patterson,False,4199,858,2606,214
19609914,TwoCold,éŸ©å¯’,False,273144,32,247,2232
14138167,mmccue,Mike McCue,False,17123,1366,8966,967
98864871,wangdan1989,ç‹ä¸¹,False,212360,12848,11679,1389
80149492,muckrackdaily,Muck Rack Daily,False,51945,11,881,2906
114870386,Flipboard,Flipboard,True,477298,9586,25844,6710
15155251,cat928,cat928,False,121,92,4479,12
617373,Padday,Paul Adams,False,26548,314,4524,1563
2425151,Meta,Meta,True,13746688,723,15195,43772
14857290,Wimbledon,Wimbledon,True,3800104,410,28158,12383
158410616,BoinxLabs,Boinx Labs,False,5107,31,1728,190
22548447,rno,Arnaud Meunier,False,18772,597,2880,835
110095899,MrJamieLin,Jamie Lin æ—ä¹‹æ™¨,False,7781,1192,13012,208
5409562,linyiru,Lawrence Lin,False,6260,332,13816,143
99008565,masason,å­«æ­£ç¾©,True,2948523,75,6107,51035
6967662,dlackty,Richard Lee,False,5443,498,10418,110
61088652,mobilerss,MobileRSS,False,15131,2,783,719
12299932,jason5ng32,Jason Ng,False,113184,522,37130,1139
25838548,hirakujira,Hiraku,False,8445,752,92456,178
96937715,mojolou,mojolou,False,7,0,14,0
145753059,TakeItFromUsPR,TIFU PublicRelations,False,93075,1244,1088,5981
65890327,GinaJoy61,GinaJoyChen,False,35,188,386,1
145170616,twwordpressorg,WordPress.org å°ç£ä¸­æ–‡,False,1126,0,132,23
14077006,apple4us,apple4us,False,59500,0,9987,0
11287452,miguelchang,miguelchang,False,19,0,2110,0
134829820,insideCyberbuzz,INSIDEçš„ç¶²è·¯è¶¨å‹¢è§€å¯Ÿ,False,9715,34,22044,249
32246010,DPPonline,æ°‘ä¸»é€²æ­¥é»¨,True,88987,71,5803,391
85075957,okogreen,Ã–KOGREEN-ç”Ÿæ…‹ç¶ ,False,683,990,110,20
20609518,DalaiLama,Dalai Lama,True,19225869,0,1746,73617
791197,bbcchinese,BBC News ä¸­æ–‡,True,2243613,230,142169,8411
21295001,titanypw,Yuan-Ping Wu (Titan),False,904,597,40442,54
26373698,bryanwu,Bryan Wu,False,409,162,27345,27
4495901,irenec,irene c.,False,659,185,34126,20
7612882,yohochang,yohochang,False,974,168,8436,17
20496351,rios0625,Rios,False,641,1452,24526,8
14043582,noahyeh,NOAHYÎH.eth,False,993,635,2203,18
1886611,LiuYaping,yaping,False,3484,306,8665,121
83570815,Stefsunyanzi,Stef Sun,True,385447,36,5377,1736
89596999,fzhenghu,å†¯æ­£è™,False,101749,1804,10693,1078
100175347,anntoto,å®‰å…”å…”,False,8,15,49,0
100175379,hsiaovincent,Vincent Hsiao,False,24,65,3425,0
100173403,lingtaii,Linda Chao,False,58,61,121,3
14065240,leafy7382,leafy,False,373,249,15449,19
24567409,Jason0713,JL,False,526,908,9,20
14597906,euyoung,euyoung,False,655,241,4484,25
54969462,ioktek,Yute,False,722,1230,12621,21
12822562,galeer,galeer,False,435,279,2265,17
74664906,taaze,noTUUZE,False,190,48,2582,11
62730856,sonneluna,Lun,False,16,28,323,0
20709129,wastemobile,wastemobile,False,5141,1209,24104,130
7064662,icathy,æ„›å‡±è¥¿ ï£¿,False,359,375,26406,10
21885686,TEDxTaipei,TEDxTaipei,False,3777,175,4013,154
1784651,orbis,Orbis X,False,1316,342,8190,32
10845602,mmting,mmting,False,597,0,3321,19
19644231,jesicalin,é›·æœµ,False,2766,3705,8993,78
1155731,jansen,Jansen Lu,False,3743,1970,39838,148
37060788,lifeatgoogle,Life at Google,True,517937,646,15381,7349
23395278,TaipeiTekWriter,Taipei Tech Writer,False,2734,1517,11262,170
15629563,twbof,å°ç£ç¶²èªŒé’å¹´é‹å‹•æœƒ,False,334,9,470,6
4641021,RWW,ReadWrite,True,1515149,2696,68706,24330
1852821,shangtaiyu,shangtaiyu,False,443,723,8175,0
56950420,ixedit,IxEdit,False,605,0,8,90
15426758,InfoWorld,InfoWorld,False,92686,248,27771,3311
6368672,saurik,Jay Freeman (saurik),True,452456,145,1332,0
69223257,techbang,Tå®¢é‚¦,False,5066,3,51789,162
16282519,LuxiaWu,NGO,False,759,136,13353,27
18881013,kimmyChen,kimmyChen,False,86,105,349,4
7394722,jehuen,jehuen,False,69,153,7465,1
12030462,elysii,æ…•å®¹ç†æ·±,False,273,54,475,8
64007386,taiwanfloods,æ°‘é–“ç¶²è·¯ç½æƒ…ä¸­å¿ƒ,False,1494,946,2541,61
62406571,chezmia,chezmia,False,3,9,0,0
14789629,googleio,Google I/O,False,123414,2,1428,5337
17503180,marissamayer,marissamayer,True,1557802,344,1550,14507
7345382,adctnpo,å°ç£æ•¸ä½æ–‡åŒ–å”æœƒADCT,False,5072,513,1593,79
7485612,arisukou,miss huang,False,81,897,121,0
14282045,halden2714,halden = è€—å­,False,2018,1097,91810,58
14275394,yours12099,yours12099,False,289,278,18838,10
20765944,rtmeme,ä¸­æ–‡é”æ¨æ¦œæœºå™¨äºº,False,71203,17,65715,0
18267192,WPC,WPC,False,15078,1601,10653,328
817386,Techmeme,Techmeme,True,429848,949,156867,14823
755362,Randylien,RaNdy Lien,False,1110,3127,11581,66
14053706,rosyiron,ç¾…è¥¿,False,145,69,1933,0
810468,kandance,å–µå–µè¿´æ—‹è¸¢,False,445,268,1392,13
657863,kevinrose,KÎVIN Râ—SE,True,1597409,534,12759,26505
44302863,gjtaiwan,å°ç£å¹¹å¾—å¥½æ–°èç¤¾ï½œGJ!!Taiwan,False,384688,0,4840,644
18669924,bratscher,Bratscher,False,274,455,42288,15
10832352,handlino,handlino,False,457,170,1016,0
14588204,underfire_,fire,False,252,131,3701,21
12142522,weijenlu,Wei Jen Lu,False,305,211,1483,12
1478871,gugod,Kang-min Liu,False,2064,2316,16440,95
14262174,weedyc,weedyc çŒ´å­,False,117,60,2970,2
807633,thecat,Jeremy Lu,False,6233,1527,56678,89
43824680,dreamdoris,Doris,False,98,342,881,1
42413619,caitchang,Cait Chang,False,1053,445,12981,26
13500732,scheeinfo,T.H. Schee,False,3355,390,1439,238
30226472,taiwandigital,TDPF å°ç£æ•¸ä½å‡ºç‰ˆè¯ç›Ÿ,False,935,76,2167,62
12320422,puppydad,é»ƒå“²æ–Œ,False,3979,281,8547,95
20536157,Google,Google,True,24109266,294,147313,93857
40196678,fairytale0713,æ—æˆæ…§,False,39,0,10,0
39410523,pchomenet,pchome,False,9,1,1,0
39407732,pchomemag,pchome,False,47,1,1,0
6180062,attemborough,Dusty attemborough,False,552,409,7431,13
18446757,orangemeow,å°è²“,False,1061,482,147,23
17556049,eballgogogo,è˜‡è²æ˜Œ,True,133518,273,1556,399
15792352,kktix,KKTIX æ´»å‹•å ±åå”®ç¥¨å¹³å°,False,1125,11,633,0
23615046,corayang,cora yang,False,22,202,941,0
7499712,BlueT,BlueT - Matthew Lien,False,1292,2473,5254,43
18915851,taipeimac,TaipeiMac,False,118,42,289,5
17244943,iphone4tw,iPhone4.TW ï£¿ å°ç£,False,2913,0,1121,97
21907308,hohsienjui,å°çœ¼ç›å…ˆç”Ÿ,False,298,87,123,5
22268265,catfish1938,æ¥Šå‰ä¸­,False,1411,0,661,0
21555369,luciferchu,Lucifer Chu,False,536,17,1567,15
56643,honeypie,é¦¬ä¸–èŠ³,False,2093,101,16115,49
17615700,punchpartyhk,Punch Party HongKong,False,650,0,612,27
20581270,howdite,how dite,False,51,201,4,0
785997,sidekickick,kickick,False,8611,263,63304,0
7465342,christiney35,Christine Yang,False,1055,1035,6627,37
11936812,pushreporter,pushreporter,False,702,1653,273,12
5640952,aguai,Aguai,False,947,1782,1915,11
20695122,kumo912,Caroline Hsu,False,655,1953,842,17
14660426,karenyu,ä½™å®›å¦‚ Karen Yu,True,2003,656,2873,54
20628024,twestivalmoby,Moby loves Twestival,False,1016,1559,69,25
17228060,multitudebebop,multitudebebop,False,66,69,522,0
7741562,hypo_photobook,hypo,False,688,2,917,41
19855872,moonchild7,é™³è•™æ¬£,False,4,0,1,0
20123546,sheilahsiu,å¸­æ‹‰ å°æ¹¾ã§ã™ chinese fucking Taipei,False,277,389,30748,17
242133,angiesaid,æ¸…æµå‰,False,1534,754,138727,79
18831894,svgirlintaiwan,svgirlintaiwan,False,187,198,130,1
3212251,kerim,Kerim Friedman å‚…å¯æ©,False,19093,6455,47136,385
19106090,kekekeXD,youknowwho,False,1,4,6,0
10463842,ddsakura,ddsakura,False,1558,2792,20776,62
621393,evenrain,evenrain,False,907,653,23815,26
18864369,blogger100,100å¤§ä¸­æ–‡å„ªè³ªéƒ¨è½æ ¼,False,856,0,7486,30
10144682,purebox,ï£¿ç›’,False,3009,370,125778,81
82283,poiesis,Jerome Tseng æ›¾æ˜­æ˜,False,2668,1760,11817,134
14430697,twitturly,Twitturly,False,2519,5,14598,170
18668631,ttking,è¸¹è¸¹ç‹ TTking,False,4,0,1,0
7052092,fauzty,è‰¯ç‰™â•±äººâ—• Ï‰ â—•äººâ•²,False,1291,768,35157,66
18219153,AceChen,C.A.Chen,False,191,156,1965,6
6200652,lukhnos,Lukhnos D. Liu,False,81,55,3,19
18353582,live_talk_pts,å…¬å…±é›»è¦–æœ‰è©±å¥½èªªæ–‡å­—è½‰æ’­,False,1058,0,1358,41
16868911,achhong,achhong,False,891,242,3014,43
8999482,chihchun,Rex Tsai,False,1453,897,9060,54
11988342,philsu,philsu,False,180,463,1722,5
18240578,GimiWu,GimiWu,False,254,0,3588,0
5879482,JoeHobot,Joe Hobot,False,96419,35078,19250,683
18201438,GretaHP,Greta Schlender,False,1168,1411,538,37
10335892,edward_lin,Edward Lin é˜¿è‰¯,False,1514,1023,64617,0
10668202,CES,CES,True,311197,2349,24311,4752
15613175,TwitterFon,TwitterFon,False,4665,7834,1578,380
4946971,chillouttree,å°æ¨¹,False,2365,279,10566,17
16540939,iphone_dev,iphone_dev,False,308745,12,406,9775
15698983,nextmin,nextmin æ´»å‹•ç‰¹æœ,False,311,1551,540,4
15859993,peichieh,Pei-Chieh,False,645,829,1788,29
15931649,PowerOp,PowerOp,False,760,326,14045,0
635213,sophiepa,Sophie Pang,False,859,178,6448,34
15006091,christopheradam,Christopher Adams,False,983,868,4199,55
17243005,action1106,action1106,False,179,116,411,0
15661747,athenakuo,Athena Kuo,False,283,108,8395,5
3398341,aboutfish,é—œé­š,False,9905,682,36528,128
8926322,skydaughter,skydaughter,False,240,143,2566,2
13425342,torasan,è™,False,197,201,9538,2
14373765,benla,ç®¡ä¸­ç¥¥,False,8898,1116,10326,95
12689592,torrentpien,Torrent,False,772,396,11589,34
10561192,mauxu,æ—¥æš®å¾å¸†ä½•è™•æ³Š,False,753,495,3139,19
17062392,yuniko,yuniko,False,509,841,629,1
11938112,rea_lo,rea_lo,False,8,73,102,0
10650922,irrenhaeusler,irrenhÃ¤usler,False,23267,1253,10425,204
625023,Ken,Ken,False,11750,50,127180,251
794676,yesonline,Jerry Leeâ›…,False,21149,399,62307,151
748013,smilefish,å°ç„å­,False,67,0,513,0
14503296,4F,THOXT,False,631,193,13930,26
10710362,AmandasHOLE,é˜¿é¦¬é”å˜¶å¼,False,101,488,1129,0
14094288,Nisemono,å½ç‰©,False,590,399,24818,0
7610792,yllan,å®‡å®™æ¼‚æµäº•åº•ä¹‹è›™ğŸ¸,False,3671,494,26394,68
16735515,talk_pts,å…¬è¦–æœ‰è©±å¥½èªªï¼ Twitting,False,640,0,377,24
11781472,wifun,winsondesign,False,214,144,3080,2
10267342,savesaturn,ï£¿éµæ‹³ç„¡æ•µäº®äº®åª½ï£¿,False,321,500,57150,26
6914552,jonxberg,å²³ç´çŠ,False,316,590,93851,14
13185,charlesc,Charles Chuang,False,2440,1622,3333,63
1978941,Lydia618,Lydia Lu,False,4649,820,39830,86
692403,LilyChen,LilyChen,False,1101,570,20360,34
7210332,cardinyeh,å¡ç™»,False,21,150,1577,0
16779162,DoubleZander,piwen,False,15,15,155,0
3212581,graniphoc,B.J.Chu,False,3499,1046,38586,84
7179342,hanamizuki,HANAMIZUKI.ÎTH,False,4468,725,8067,104
5851612,leona0909,é‚£é‚£,False,4891,485,41915,60
6988972,qing_wang,Qing,False,2303,819,20856,59
14404286,noearcat,noearcat,False,207,134,1639,8
15709435,MiffyMiffy,MiffyMiffy,False,554,647,3776,13
16514647,Calafmiao,Calafmiao,False,17,4,13,0
16463221,melaminefree,melaminefree,False,28,915,15,1
7250232,MrFriday,Mr.Friday,False,4304,303,8456,134
742343,raininglight,é›¨æ¼£,False,815,133,12995,27
16035881,TylerLite,æ³°å‹’çŸ³ ï£¿,False,72,70,148,0
15183060,amaSing,é˜¿ç½µå¿ƒâ„¢,False,2933,276,34755,51
6870212,mr65210,mr65210,False,243,0,174,7
14626733,Leafish,é­šå°¾å°ˆæ¥­éºå¤±ç‰™ç·š,False,3400,462,41550,48
6565982,MeMedia,MeMedia,False,1406,0,9801,0
5450252,itszero,Zero Cho,False,2767,1019,16463,59
15686159,boftw,å°ç£ç¶²èªŒé’å¹´é‹å‹•æœƒ,False,686,1,584,0
776024,zonble,zonble ğŸº ã‚¾ãƒ³ãƒ“ãƒ«,False,4189,1147,16226,80
4689241,infilmity,ï£¿ äº®,False,2774,1282,50418,79
11559872,simmmons,å¤§å¸«å…„,False,3525,134,54108,72
12664772,missapple888,èœœè˜‹æœâ•­â•§â•®æ»¾ä¾†æ»¾å»,False,306,621,42240,4
9789592,iceplee,iceplee,False,411,554,4764,17
8828422,funP,funP,False,528,799,97,11
6755642,jsthink8,John Wei,False,152,121,1650,3
15442975,cheriesu,Jennifer Su,False,162,57,1845,7
797280,winson,æ–‡ æ£®,False,2062,347,11203,70
8624592,wahaha,wahahaâ˜…å“‡å“ˆå“ˆçš„ç”Ÿæ´»,False,338,327,2763,5
6304402,JTCHEN,,False,682,977,6970,0
5813482,lennon_ydwong,Lennon Ying-Dah Wong,False,2714,1706,49852,71
11909142,katejane12,Kate Jane,False,2053,506,7590,17
684683,indigo351,indigo,False,222,158,25979,5
1982151,jimmy_su,Jimmy Su,False,15276,894,63931,195
7044592,sancivet,æå˜´å·´ğŸˆâ€â¬›,False,1397,594,5558,12
6057762,shawjh,å¤§è²“,False,2748,600,15019,45
11572592,joshuawang,Joshua,False,75,202,1719,1
5426822,Stanley0716,stanley,False,1519,771,1312,25
8971682,ChiuTsuYin,é‚±ç¥–èƒ¤,False,153,112,2074,5
7337472,ivanusto,æ°¸é çš„çœŸç”°å¹¸æ‘,False,8401,1334,15104,132
14119662,momiji918,ã‚‚ã¿ã˜ æ‘¸ç±³é›,False,219,168,8984,0
6388242,TSUBASAtw,TSUBASA,False,1212,2416,14725,0
7844492,mjhsieh,mjhsieh,False,261,176,5491,7
4496321,OOBE,OOBE,False,14115,2281,108747,173
9098332,william_yeh,William Yeh,False,1382,122,24017,79
14768132,tweet_wire,tweet_wire,False,66,41,89,0
4494051,bearboss,ç†Šè€é—†,False,2171,890,5716,27
1314381,Barkingfarmmer,Barkingæ¨‚ç”Ÿç”°å°è¾²,False,262,219,14991,6
10543892,cocakl,Coca,False,315,288,5963,4
3285391,Faryne,Faryne Hsieh,False,296,1117,5748,15
7122712,chipher,Peggy,False,31,79,359,0
8854972,sheeptalk,ç¶¿ç¾Š,False,70,289,120,2
7293542,wobblies67,wobblies,False,557,312,8348,24
741223,cloudie,cloudie,False,307,214,70147,0
11008692,NekomataIzayoi,é‡å°¾çŒ«å¦–é½‹,False,323,890,18339,0
14189965,uedada,uedadaã€Šå»£å‘Šèˆ‡å®ƒå€‘çš„ç”¢åœ°ã€‹ä¸Šå¸‚,False,1190,519,12740,45
13555712,usadvd,æ¸©å…ˆç”Ÿ,False,3817,384,40289,70
690663,tzangms,æµ·ç¸½ç†,False,11808,958,151554,198
14161764,punchparty,punchparty,False,753,392,1598,21
5965552,briian,ä¸ä¾†æ©,False,208864,683,18959,522
10444152,NelsonT,Nelson,False,1002,237,5851,20
771772,lik123,å²èŠå§†,False,2975,1474,1820,44
13850932,totolee,é˜¿æ¯”,False,516,159,19651,27
14048327,yingjeouma,Ma Ying-jeou,False,506,288,1755,12
12854862,nhkvnhkv,nhkvnhkv,False,21,0,166,0
14054146,vero487692,æµ·é‚Šçš„è”“è¶Šè“,False,25,8,12,0
56833,isaac,isaac,False,66007,3499,55687,1287
14048315,ku_sieh,Ù„Ù„Ø¨ÙŠØ¹,False,181,0,1256,10
13993182,FreddyLim,Freddy Lim æ—æ˜¶ä½,True,11789,198,12979,185
6915472,carlojam,carlojam,False,216,549,2187,7
6853042,bestguy,Charles, è€æŸ¥,False,13876,1808,56531,188
47693,book686,686,False,5573,4708,23471,113
4961811,emma0319,Emma ğŸŒˆ,False,3296,789,112474,47
9578892,coshen,Coco,False,534,207,12150,11
5970452,chihuangchiu,å¤§æ²³é¦¬,False,383,99,2936,6
12722902,themichael,Michael Lin,False,202,181,2692,7
7282592,MacHeist,MacHeist,False,106114,14,396,4623
9591392,jenhsiou,çå¦®èŠ±,False,943,155,14111,11
10305842,singlelog,singlelog,False,225,65,1568,7
5446662,cobainyeh,cobain,False,1286,989,58952,40
11904782,TylerLin,æ³°å‹’ ï£¿,False,2774,780,49209,69
11704042,mouse329,mouse329,False,8,9,27,0
7810212,jeremy_3c,å‚‘æ´›ç±³åœ¨æµæµª,False,1331,447,2078,42
11525502,jcms,å‰ç±³ä¸˜ ï£¿ å°åŒ—,False,3753,254,14039,94
5553772,yrchen,Xaver Y.R. Chen,False,467,385,5600,11
6970842,esorhjy,ç•°å¡µè¡Œè€…,False,33187,1354,8804,531
11558042,cwwany,å½å½wan wan,False,5964,721,2425,89
7060032,jimmyliao,jimmyliao,False,104,500,6185,28
10892452,Pomin,Pominï£¿,False,381,599,4715,24
766930,annpo,po,False,1747,404,33956,67
11481152,pamelachou,pamelachou,False,19,48,113,0
686323,angelsmileoo,ğŸ˜·Lineç¾¤çµ„å—å®³è€…è¯ç›Ÿ ğŸ¥‘ğŸˆ²ï¸âš¡ğŸ—œ,False,272,544,58353,17
5821872,buchimifan,PingKe å¹³å®¢,False,34824,219,17616,199
739093,thesylvia,thesylvia.,False,640,421,6494,24
1690861,bigeasy2334,å´©æ½°ç³»ç¥å¥‡å¯¶è²,False,119,64,2703,0
686263,axiomania,ç´…è‰²é•·è§’ä¸‰å€é€Ÿ,False,1252,556,8087,28
10801572,alslp,William Lin,False,182,263,477,6
621443,moriyama,moriyama,False,560,676,3250,10
13581,number5,Bruce Wang ğŸ¨ ğŸ‰ ğŸ’‰ğŸ’‰,False,61790,3748,32037,176
8919202,superlevin,superlevin,False,771,1370,12951,0
8248212,aikenlin,Aiken Lin,False,3291,1892,15399,58
79543,jowyang,Jeremiah Owyang,True,243385,13078,88355,12143
1486611,flypig,flypig,False,36404,361,41733,554
626593,Kirin_Lin,0, 70ğŸ¤ª*,False,1214,427,74296,139
2569871,scipao,j6,False,186,279,4381,4
2661341,hendry,Hendry,False,56,178,1725,4
7051422,nooorman,nooorman,False,75,0,3052,3
5531252,znbang,f0rth,False,428,378,3684,15
10711512,aseetw,asee,False,86,71,690,0
4479261,werboy,werboyï¼ˆç¡¬æ˜¯è¦å­¸ï¼‰,False,1326,43,14088,34
761969,webleon,WebLeOn (ç‹åŠ›æ˜‚),False,27294,395,33197,0
689763,Wraecca,Shao,False,3550,1245,2258,64
10140002,abwang,ABWang,False,32,58,832,2
10204182,irepublic,James Wang,False,750,602,91652,20
7755372,othree,othree,False,2131,1143,14242,46
6182212,FYU,æ³•è˜­,False,726,126,2457,17
2567531,gslin,Gea-Suan Lin (DK),False,3871,572,141748,168
774472,robbin,éµé“å“¡,False,1319,374,10916,20
726343,KiwiJoyceLin,KiwiJoyce,False,515,203,3836,5
77763,xxc,Charles Chen (xxc),False,475,119,3521,0
731923,keso,keso,False,55461,4610,813,1094
612813,cpshyu,å¾æ±Ÿå±,False,186,246,644,3
746573,Canchichi,è›‹æ²» Canchi,False,332,333,19801,0
77593,mingwangx,ç‹é˜éŠ˜,False,3291,1016,11484,82
654223,bobchao,Po-chiang Bob Chao,False,4165,860,27013,89
8773462,tenztest,tenztest,False,1,1,0,0
7589732,haibara,ç°åŸå“€,False,38,1,10,0
1235711,marukowu,Maruko Wu,False,30,24,573,0
8502912,slzzp,slzzp,False,507,287,2926,19
663563,yoshigi,Yoshigi,False,659,951,12838,19
7045262,kourge,Wil Lee ğŸ³ï¸â€ğŸŒˆ æç§‘æ½¤,False,984,1930,17355,31
730923,bart1,BART,False,108,39,2209,4
6654282,tzuche,Che,False,542,217,4325,18
6278312,judylee,judy lee,False,186,203,241,0
5559112,eazie,Eazie,False,175,89,2,2
5086371,CoolPeter,é…·ç©æ„,False,357,0,362,3
724233,Brecht,åªæ˜¯å¸ƒå¤§å” ğŸ˜ˆ,False,6247,1334,50520,104
8280242,cozylin,Cozylin(Væ€ªå®¢),False,177,0,679,8
679803,hsnuhow,HOW,False,3002,445,26916,64
3330931,totorojack,é¾è²“å¤§ç‹,False,4022,317,5040,22
7013312,chenshine,Shine,False,104,74,30,0
6178242,sanwangx,San Wang,False,90,18,267,0
7232162,markplace,Mark Wu,False,1683,631,8011,33
52703,jeph,Jeph Lo,False,628,131,1640,0
620833,jas9,Jas,False,3098,1426,22110,103
6590282,hsuans,æ½˜å®£å¾,False,67,173,1252,2
8175702,chensumi,MIMIKO,False,15777,1174,16521,152
6102712,appleseedTW,appleseed,False,2292,251,44567,64
8185232,soundfury,å¼µéµå¿— T.C. Chang,False,64516,887,17065,457
6908972,liny,liny,False,107,166,1656,0
6759432,jt088,jt088,False,16,0,153,0
7081662,hemitwit,HEMi Twit,False,69,0,161,0
5513452,macdog,å°æ¢…å­,False,875,259,4615,12
7081512,ssw_books,ç„¡åæ°,False,13,2,0,0
678723,doobop,doobop,False,1047,527,6704,25
6904372,momizi,Momizi Yen,False,353,275,3184,11
6882532,ctstravel,æ™‚å ±æ—…éŠ,False,633,0,14,1
277813,alice425,Alice/ç²å­/ë¥˜ë ¹êµ°,False,2765,1500,15518,50
612353,lovelyshow,lovelyshow,False,155,0,542,4
368093,GeneHong,Gene Hong,False,152,19,68,4
6257342,ppolis,æ³¢éº—æ–¯ - æˆ‘çš„ç‰©å“,False,77,80,228,1
369533,Qweaz,é™³åŠ›,False,3594,4999,12072,67
769291,KaurJmeb,KJ Hsu,False,3283,532,11608,0
2877811,jwbai,jwbai åŠ©æ•—,False,491,957,3011,24
333093,hlb,Liang-Bin Hsueh,False,5673,1210,23215,116
5700582,asker,asker,False,17,0,906,0
5981612,xdite,xdite,False,7735,592,17659,175
13269,tempofeng,yenwen.v2,False,4033,1351,10100,145
5547942,nchild,Hsiao-hsien Yang,False,502,458,2231,20
2602281,cjin,Cjin (ğŸ„,ğŸ„ï¼‰,False,4744,1163,10055,117
677823,tripwriter,æ°´ç“¶å­,False,177,195,3733,2
621173,jchristabelle,ï£¿è¿´ç´‹é‡ï£¿,False,9098,176,42207,146
5075621,skyvee,Skyvee,False,294,225,1144,6
166383,ashaw,é˜¿å­,False,3224,369,2233,46
712863,kovis,Kovis,False,245,290,39474,14
698813,Portnoy,é„­åœ‹å¨,False,8904,1708,34334,168
697613,pipperl,PipperL,False,1885,588,24422,50
49703,per529,æŸ¿å­,æ·ºå±¤ç¤¾æœƒé‹å‹• SW Trainee,False,986,866,2141,27
2396591,ForecastiPhone,Forecast,False,4534,0,4,141
32893,tmas68,å¼µè‚²ç« ,False,3843,2249,14887,97
3393101,isay,I Say,False,53,0,50,1
2795511,ijliao,Ying-Chieh Liao,False,2938,469,87145,86
4282401,Taiwanese,å°ç£å˜å–³ç”¨æˆ¶,False,2665,473,1,60
52683,roach1971,ROACH,False,212,279,6007,10
2606711,globalvoiceszh,GlobalVoices å…¨çƒä¹‹è²,False,167701,64,7749,631
77063,ilya,Shih-Chieh Ilya Li,False,4309,3012,29075,188
750063,asimo118,ï£¿ é˜¿è¥¿æ‘©,False,251,221,30274,8
634833,bias,å°æ°åŒå­¸æ˜¯å¥½å­©å­èª æ‡‡å–„è‰¯æƒ³è®Šè°æ˜æœ‰éŒ¢æ¼‚äº®,False,1493,970,7653,0
632443,kenworker,Ken Worker,False,43500,4290,41495,371
705653,amarylliss,amarylliss,False,248,146,2510,1
691123,wenli,ç¥æ¥½å‚é›¯éº—ğŸ³ï¸â€âš§ï¸,False,30182,6243,42878,347
632433,thecarol,Carol Linï½œå‡±æ´›,False,51388,4764,140250,595
2170581,chiao,chiao.eth,False,2106,764,2094,47
50803,vista,...,False,26674,0,41231,0
