124443269,Smallishbeans,Smallishbeans,True,397372,690,3287,436
256669567,anishgiri,Anish Giri,True,198194,263,6009,1200
1396105012854538240,CharlieGamerMan,Charlie,False,678,73,492,2
996785343008595969,GothamChess,GothamChess,True,161366,205,2327,423
243381107,GooglePlay,Google Play,True,7257202,315,217826,12574
4699719036,REALMizkif,Mizkif,True,537186,532,3577,388
993681445,_LadyAgnes,LadyAgnes,False,119243,284,1451,334
490733742,SB_737,SB737,False,31996,366,11341,64
214413743,danielricciardo,Daniel Ricciardo,True,2566491,196,2525,27860
28297965,AlpineF1Team,Alpine F1 Team,True,1673235,2779,78288,33048
906682020,freyz,Frey,False,329835,411,34950,183
1222961028926824450,Ranboosaysstuff,Ranboo,True,2523801,366,3351,4658
731186310552158208,JackManifoldTV,Jack Manifold,True,1694789,859,3991,3219
2317966585,5uppps,5up,True,423040,513,1213,752
1053768001,Krtzyy,Dave,True,144212,953,11478,319
245065992,Preston,preston,True,1838739,1153,74669,936
875327508190818307,HarryMaguire93,Harry Maguire,True,1768705,293,1643,1636
240664869,HKane,Harry Kane,True,3499958,228,2756,3219
14685178,ben_mw,Ben McOwen Wilson,True,1208,889,1740,2
14872523,joehills,Joe Hills,False,54205,1172,39415,305
403724741,JackGrealish,Jack Grealish,True,928244,285,3878,737
2861192685,WelsknightPlays,Welsknight Gaming,False,60287,478,19256,234
328657844,CptPuffy,Captain Puffy - Cara,True,1293684,554,9085,2430
763774140,xBCrafted,xBCrafted,False,51274,91,33068,216
487785982,Kalvinphillips,Kalvin Phillips,True,197640,372,848,313
2968020295,meaniezombeanie,Zombeanie,False,3960,1937,22004,41
78502161,SChecoPerez,Sergio P√©rez,True,2834418,180,4499,28442
2875812399,Pixlriffs,Pixlriffs üéÆ,False,38258,231,19637,133
1631882245,theskizzleman,Skizzleman,False,15487,130,3069,60
105106802,CroftyF1,David Croft,True,383260,584,12910,4773
2769863292,Stressmonstah,Nat,False,53970,89,12219,213
1025264251,ZedaphPlays,Zedaph,False,50768,48,1526,198
47442224,ZombieCleo,Zombie Cleo,True,89881,256,7082,256
272137584,docm77,Docm77,True,202822,164,36834,672
434127936,renthedog,ReNDoG üè≥Ô∏è‚Äçüåà #AllyForLife,False,99559,54,7639,312
765879402,Mythicalsausage,Mythical Sausage,False,24619,1268,36660,101
877968683259367424,snifferish,SNIFFERISH,False,545964,634,4503,1169
999924367,impulseSV,impulseSV,True,132438,189,7861,344
30352096,MagnusCarlsen,Magnus Carlsen,True,582430,120,981,2418
1077060698,TangoTekLP,TangoTek,True,122126,351,6144,375
1169816889268174849,NotAntfrost,Antfrost,False,1289080,699,3164,2652
30495257,henrikkniberg,Henrik Kniberg,False,109473,259,8307,1324
2298486702,MSpace_Dev,MSpaceDev üåç,False,123,9,122,2
4197803613,Spifeyy,Spifey,True,1045233,717,7862,1599
556260847,Max33Verstappen,Max Verstappen,True,2250980,303,2107,9320
226087776,redbullracing,Red Bull Racing Honda,True,3470785,12572,30297,32639
917122241682460673,sylveemhm,sylvee,False,172507,344,1160,401
921818190769983489,burpled,Purpled,False,1029133,239,804,2462
628875141,BadBoyHalo,BadBoyHalo,True,2833468,1249,9727,4322
1313780486062452736,AmongUsGame,Among Us ‚≠êÔ∏è Roles & Cosmicubes update OUT NOW!,True,1409218,1,21065,978
132248836,JasperBoerstra,JAPPA,False,107728,1158,20444,338
3351775341,wispexe,Wisp,True,218004,497,3636,187
1436973182,briamgilbert,brian david gilbert,True,296297,297,115,361
1052160384457723904,Punztw,Punz,True,1556554,338,6867,3031
419232978,EthoLP,Etho,False,289530,30,2005,789
340656318,VintageBeefLP,VintageBeef,True,194042,347,15312,633
1618744898,Noxcrew,Noxcrew,True,40926,140,2554,83
127954853,Ph1LzA,Ph1LzA,True,2223563,217,6375,3298
735618373459935233,King_Burren,Burren,False,27395,1050,2081,90
87541152,wtf1official,WTF1,False,635635,222,7821,4331
3300594994,YouTubeGaming,YouTube Gaming,True,1873707,898,17113,3196
2710410020,TapLHarV,TapL,True,788996,419,12547,1489
213969309,LewisHamilton,Lewis Hamilton,True,6806191,805,1157,39038
2382705662,Krinios,Krinios,True,315759,1043,10002,560
840484172,falsesymmetry,falsesymmetry,False,94163,262,13865,347
405746052,cubfan135,cubfan135,True,113828,282,8006,288
633483,lanbui,Lan Bui,False,7838,580,4609,307
930214121068363777,Eret,Eret | Alastair,True,1603452,416,4081,2723
888389881713508352,LunarJeishin,‚ú∞Lunar,False,168,445,976,1
1864442756,GeminiTayMC,GeminiTay,True,77514,264,1846,171
4599236569,KaraCorvus,Kara Corvus,False,54381,1238,19223,143
996365064667123713,TubboLive,Tubbo,True,3103002,529,4664,4936
3472487628,froubery,fruit,False,209752,1064,14461,361
1164536481567973376,FundyLive,Fundy,False,2011680,242,1147,3016
337337691,LudwigAhgren,ludwig,True,1160427,537,7901,1245
1061111766,RIPmika,üî™ EbeMeeker Scrooge üéÖ,False,100700,1196,25576,173
463966381,TheNoxite,Noxite,False,43376,962,14126,121
1269132220725411842,dreamwastaken,dream,False,1804974,455,2134,5819
1032978119370723329,tommyinnit,TommyInnit,True,3373112,625,6366,5066
24166202,jeb_,Jens Bergensten,True,1477413,332,12280,5505
410075214,WorldofKeralis,Keralis,True,156521,597,26167,426
1321422776,JeremyJeracraft,Jeracraft,False,5281,71,685,0
2332590300,TrixyBlox,TrixyBlox,False,2367,36,48,9
26235265,MercedesAMGF1,Mercedes-AMG PETRONAS F1 Team,True,3565849,3795,130281,36620
1151724782406328320,sapnap,Sapnap,True,2890294,136,816,5062
394279809,Beckyt18,Becky Taylor,False,24203,234,5087,13
2941088926,GeorgeNotFound,George,True,3355845,121,935,5403
1171833930095517699,MCChampionship_,MC Championship,False,1540118,96,1801,1562
2413696970,Technothepig,Technoblade,True,3310696,130,1432,3743
2350827685,realQuig,Quig,True,106699,925,37714,190
24871896,McLarenF1,McLaren,True,2821177,28820,44974,31986
2360012558,CrushedPixel,Marius (CrushedPixel),False,3850,284,8081,25
147039284,Asmongold,Zack,True,593290,663,11238,604
262230432,Charles_Leclerc,Charles Leclerc,True,1392939,176,2055,6672
394892872,GeorgeRussell63,George Russell,True,1033251,340,2854,5374
397306167,alex_albon,Alex Albon,True,413851,120,392,3806
183905912,Dream,Dream,True,4489433,363,434,6301
2174576629,WilburSoot,Wilbur Soot,True,3090598,454,2853,4688
1127606245479911425,Curious2401,Curious240,False,7,180,35,0
2203582050,_K_Elizabeth,Katherine Elizabeth,False,24204,227,2124,51
2761994678,PearlescentMoon,üåø PearlescentMoon üåø,False,58285,114,2551,179
316643326,BdoubleO100,BdoubleO100,True,337127,238,12025,719
1882465310,MrCrayfish,MrCrayfish ü•µ,False,24297,298,10471,61
613542604,SolidarityCoUK,Solidarity,False,51647,467,52025,126
410409666,LoganPaul,Logan Paul,True,6218225,4503,9735,2180
2980204219,Failwhip,fWhip : Bryce,False,32655,436,7753,87
785651770697523200,xQc,xQc,True,1172903,425,3603,842
384932951,chrismd10,Chris Dixon,True,1031772,940,20129,239
1404937279,Sam__McKay,Sam McKay,False,223,545,3350,0
1127529558578683905,crystxlight,‚òîÔ∏é,False,6,15,0,0
298890190,GTWScar,GoodTimesWithScar,True,204249,162,6919,398
428450334,xisumavoid,xisumavoid,False,195136,2,29844,531
2378426935,iskall85,Iskall85,False,121417,201,9482,344
2733900258,hermitcraft_,Hermitcraft,False,143065,24,46759,271
542139063,ThatMumboJumbo,Mumbo Jumbo,False,408232,777,27064,673
720560509179863041,BoMarit89,Bo,False,13562,870,5668,74
353786894,Carlossainz55,Carlos Sainz,True,1293828,339,8348,8391
15137026,FrankieWard,Frankie,True,81369,2534,42929,0
583986793,PeteZahHutt,Brandon üçï,True,386742,367,26843,0
345450289,joshua_pieters,Josh Pieters,True,284910,1136,3830,245
105183788,rebecca_fultz1,Rebecca Lynn Fultz,False,540,660,11659,8
516464106,LandoNorris,Lando Norris,True,1556941,477,6256,6484
809163009394429952,Awtra_,Ali,False,5258,733,2762,8
59383404,elliespiga,Elisa Spigariol,False,4182,243,20281,30
882635875615748097,PlanetZooGame,Planet Zoo,True,61328,6,3599,126
2969405513,HarryHesketh,Harry Hesketh,True,178627,679,12361,187
779087988638814208,NoContextCS,No Context CS:GO,False,2596,598,77,2
805876516382973956,Tekkz,Fnatic Tekkz,True,198603,524,5357,236
926190001334788098,EAFIFAesports,EA FIFA esports,True,141857,498,5859,266
1396824516,Wiki_Service,Wiki Service,True,25166,25328,135,129
920852919569743872,chanbanhi,chan,False,296599,450,250,410
274200127,seanseaevans,Sean Evans,True,419065,726,5649,388
2891646213,peterjarguz,Peter Jarguz,True,58675,76,2191,231
29145184,EvilGeniuses,Evil Geniuses,True,582286,307,37705,2202
80420672,EAHelp,EA Help,True,612400,98,1052548,880
260306257,OriginInsider,Origin,True,716728,58,48935,2306
146556805,DrDisrespect,Dr Disrespect,True,2250329,565,9203,1590
214201922,Ninja,Ninja,True,6759746,1462,43210,3350
342926562,Mithzan,Jack-O-Mithzantern,True,174685,420,3206,122
373474201,FMPONE,FMPONE,False,42487,287,8717,123
341924311,drewisgooden,Drew Gooden,True,745294,737,9508,512
581317961,dannygonzalez,Danny Gonzalez,True,852287,378,7886,571
180630184,maddielansbury,Maddie,False,30322,103,20092,97
3494253735,Lunar3clispe,LunarEclispe,False,159687,289,1776,234
575613223,GoldenGlare_,Gold,False,172192,615,2887,244
480961625,DraconiteDragon,Draco,False,163466,273,1114,243
4003450933,RainbowsYT,Rainbow,False,170445,222,3327,238
2394202568,KryticZeuz,Zeuz,False,13241,188,7013,38
438034383,johnestanislau,Jestanii,False,3341,701,5554,14
715752570,LinaAMadrid,Lina‚ö°Ô∏èMadrid,False,2526,456,7026,30
3038925132,Twistzz,Russel van Dulken,True,161277,433,3901,377
831259300551073792,zywoo,ZywOo,True,163610,692,724,311
2806267256,NAFFLY,Keith Markovic,True,162038,611,2188,424
729411396388179968,Lionesses,Lionesses,True,175316,323,9255,591
877624655468777473,JsjtgbGreen,Jill Green,False,21,74,40,0
50084102,CDisillusion,Captain Disillusion,True,122804,617,6673,350
95610041,TaikaWaititi,Taika Waititi,True,1423360,778,4963,3444
47786101,RobertDowneyJr,Robert Downey Jr,True,16803919,1,851,18267
170018350,roomieofficial,Joel / Roomie,True,254129,588,2001,232
3064880050,DonHaci,Hac1,False,122980,966,40522,243
525302599,Sick_Nerd,Sick Nerd,False,34238,402,12543,0
883881197054689280,ImAllexx,Alex Elmslie,True,577549,1592,19077,390
868269438394675201,SettledRS,Settled,True,50033,500,4174,43
1447245938,SethEverman,Seth Everman,True,836074,100,2149,528
3064776549,StephenTries,Stephen Tries,True,841786,894,3866,182
1024095475,LUFC,Leeds United,True,835035,91,51489,3073
2455740283,MrBeast,MrBeast,True,12498677,1740,5253,3697
1166098663,LachlanYT,PWR Lachlan ‚ö°Ô∏è,True,1541839,834,15858,627
457652659,JackMasseyWelsh,Jack,True,151909,410,43183,230
634776678,willne,Will,True,1218605,2718,25120,477
266306099,Emmieoooo,EmmieStitch ‚àû,False,135,193,38526,5
66618379,ItsJoshPeck,Josh Peck,True,2651119,483,8799,1480
2986471820,goodguyfitz,Fitz,True,1281242,877,6701,385
391651600,Torvesta,Torvesta,False,48124,168,7460,35
2151551419,w0xic,√ñzg√ºr Eker,True,90793,642,3173,174
913812620,PostMalone,twelve carat toothache,True,6942964,2807,7685,2814
559715107,issaa_csgo,ISSAA,True,37804,553,1645,115
610262051,KatieAlicia__,Katie üßöüèº‚Äç‚ôÄÔ∏è,False,238,518,3380,0
19171163,ImNotScottySire,scottysire,True,1755774,3697,28820,872
2633624624,thenoelmiller,Noel Miller,True,864616,694,8925,333
216618670,codyko,codyko,True,2011284,548,12304,703
868983230,ItsFunneh,ItsFunneh,True,270434,1029,7215,488
749197086,NIP,Ninjas in Pyjamas,True,587434,122,32213,1127
483302490,Aces_52,Elliot,False,475,440,1256,6
736285273458409473,OneLifeSMP,One Life,False,7992,2,254,4
377188743,MatPatGT,MatPat,True,5506832,477,4328,1595
372453701,FACEIT,FACEIT,True,239895,956,13285,456
19496021,sitc,Social in the City,True,60342,356,11747,159
1903382054,England,England,True,5244040,367,44548,5931
703758119684476929,smooyacs,Owen Butterfield,True,87866,806,13920,152
3247497561,alanshearer,Alan Shearer,True,880434,1142,6280,1588
3483294076,STYKOcsgo,STYKO üöú,True,56568,194,5280,198
18588279,shanedawson,Shane Dawson,True,8681477,21411,32559,11261
17392584,mibr,MIBR,True,373181,171,15964,490
61903300,MakeAWish,Make-A-Wish America,True,211440,9636,37468,2541
2244953047,pokimanelol,pokimane,True,3702463,1615,21798,2617
49873268,BJCalvillo,Brandon Calvillo,True,724627,407,8740,437
2309249210,GamingWithJen,Jen,False,307814,76,1826,291
2453742409,TheoChapmanz,Theo Chapman,False,50,87,10,0
793071708,Envy_Nifty,Nifty,True,33763,646,15381,109
3063032281,chrishemsworth,Chris Hemsworth,True,7389106,106,465,7793
624056226,TomHolland1996,Tom Holland,True,6570731,96,1358,5705
1087348778,Sodapoppintv,Chance Morris dumb fat igly laxy stuoid,True,626170,1506,10937,631
2344535443,FNS,Envy FiNESSE,True,80464,912,7882,330
801445181849473025,pres_yt,Pres,False,3277,366,5850,43
3282859598,TwitterVideo,Twitter Video,True,13732517,1,8763,2695
196618084,xboxuk,Xbox UK,True,910835,1678,43918,1684
753022137783480320,goldenmajk,Maikil Selim,True,27241,494,1141,144
703220549217079297,Flashpoint,Flashpoint,True,103863,524,13148,296
18218334,geofftech,Geoff Marshall,False,57601,219,62515,320
1534066765,simonoxfphys,Simon Clark,False,26914,1075,26891,165
948344899,PopularMMOS,Pat,False,463985,37,3275,544
807735457,lilsimsie,Kayla,True,222493,735,11314,275
1495603188,readythecannon_,Frangipannie,False,91,100,535,0
2165674332,ElleanoraYT,nora,False,14609,221,11335,17
4228323029,HatsyYT,Hatty,False,15861,210,2303,32
148041096,sarahclose,Sarah Close üåü,True,320955,221,48345,206
34002876,ESLCS,ESL Counter-Strike,True,1113028,619,57059,1297
4928297297,mermaidmegg,meg,False,765,206,25049,22
497009057,steph0sims,steph,True,92087,866,6496,109
1205666185,OldSchoolRS,Old School RuneScape,True,206006,318,14398,197
17872077,virginmedia,Virgin Media,True,357870,430,3898696,1379
114327748,Bobizard13,Bob,False,36401,817,19497,30
15692242,uhhh_sophie,Sophie Turcotte,False,3688,1551,10278,44
177403095,SSundee,SSundee,True,2643645,202,3303,839
2617641582,YouTubeSpaceLon,YouTube Space London,True,71986,1632,7705,186
794340244967538689,kalesalad,Kale Salad,True,211409,4,11526,425
296357394,hollie_bee123,Hollie üå∏,False,287,456,5099,4
36994285,jasonnash,jason nash,True,986211,4909,627,599
402938330,RUSH,Will,True,131386,771,3666,341
417568199,notCIB,Clay James,False,71982,688,13097,78
1597485098,shelbygraces,Shubble,True,323502,1060,21703,293
3123459139,moucsgo,Rustem Telepov,False,33356,417,1938,0
309366491,Twitch,Twitch,True,8915789,765,21610,8771
214503791,StevenSuptic,Steven Suptic,False,309434,571,10255,339
19503627,PaulChaloner,Redeye,True,86827,817,80435,865
3519938177,felperaa,Joao,True,257513,776,7725,354
206908028,JammyHC,Josh Harrison,False,46,76,541,0
3065997231,bodyy,bodyy,True,53248,540,2944,217
506341985,ropzicle,ropz,True,147757,492,2450,324
820003056,LordMinion777,Wade Barnes,True,911726,464,40256,663
719324795167309827,PUBG,PUBG: BATTLEGROUNDS,True,1845290,69,4846,1798
481220035,pglesports,PGL,True,73874,1115,11161,286
1671108674,connieglynn,milk tooth,True,61224,954,392,192
36984408,iBUYPOWER,iBUYPOWER,True,187609,459,19522,353
59949396,AnnaKendrick47,Anna Kendrick,True,7032745,344,2455,17657
2893511188,VancityReynolds,Ryan Reynolds,True,18421691,1078,2710,11378
27042513,RealHughJackman,Hugh Jackman,True,14598635,24,4079,25761
4196983835,dog_rates,WeRateDogs¬Æ,True,9101564,20,14770,7031
3031071234,TeamYouTube,TeamYouTube,True,1282775,1491,1450817,1914
2163927245,TomGibbs74,Tom Gibbs,False,178,290,319,1
2698375908,gla1ve_csgo,Lukas Rossander,True,221197,493,3352,531
353780675,CSGO,CS:GO,True,1218287,330,2062,1744
813286,BarackObama,Barack Obama,True,130383426,587741,16322,222274
4016591151,ELEAGUETV,ELEAGUE,True,169521,997,11843,592
146485139,DarrenJeffries1,Darren Jeffries,True,13884,965,16554,79
475055119,LittleNommer,Katie Morrison,False,26200,616,14702,79
291428614,lizakoshy,Liza Koshy,True,2796173,887,31639,1165
802633284282908672,LDShadowLadyUK,LDShadowLady Merch,False,1445,2,42,1
1586678826,8bitdylan,Dylan (8Bit) üè≥Ô∏è‚Äçüåà,True,31997,995,28118,139
373955776,JakeTWiiN,Jake,True,19559,831,53733,54
7816392,tomscott,Tom Scott,True,176721,285,363,1231
2994003849,FoxenQueen,Formerly Spectrerage üè¥,False,848,316,48637,0
280343478,GloomyKassie,gloom,True,226942,456,8435,169
240631726,DOWSEYtv,DOWSEY,False,12831,433,41417,53
535865919,pansy,Lauren Scott üéÉ,True,80718,997,39643,411
281890963,Idubbbz,YouTube boxing guru,True,1428982,698,23693,581
2900347318,phasegames,Cait,False,5305,1297,28025,0
23060739,SpencerOwen,Spencer,True,656552,2808,34421,423
187697563,DavePBrown,David Brown,False,302362,434,4031,317
50471730,zane,zane,True,1935271,721,4173,629
2927216186,autimaticTV,Timothy Ta,True,163163,609,2005,340
2409583842,aizylife,Philip Aistrup,True,83695,495,3514,303
750678508712632320,UploadEvent,Upload Event,False,38444,109,403,0
533312244,MrGeorgeBenson,George Benson,True,169745,938,48781,286
3764698649,TopMidEsports,Top Mid Esports,False,82,171,271,0
125103240,AlexErnst,Alex Ernst,True,1493215,1,321,557
325306055,DavidDobrik,DAVID DOBRIK,True,5392769,342,224,1609
292462761,Mkuss_,Marcus,False,307,16,4607,0
28372838,AndyRaynes_,Andy,False,139,89,4797,3
2863491107,flamieCS,Egor Vasilev,True,150007,471,2964,463
1330948909,seizedwf,Denis Kostin,True,105460,440,9519,393
700217389,EliGE,Jonathan Jablonowski,True,231755,1261,9004,566
215247766,p0ntus,Pontus Eskilsson,False,3698,531,15300,45
3002318897,Cloudrenaline,Perry: Cloudrenaline,False,86,126,281,0
1385824285,BBPaws,Britt üåàüíú on Fanhouse!,False,24213,283,28064,51
47735911,CptjuicyTV,üéÑ‚ùÑÔ∏è‚òÉÔ∏èCptJolly‚òÉÔ∏è‚ùÑÔ∏èüéÑ,False,1220,700,48645,30
311566131,ExplodingTNT,ExplodingTNT,True,241989,566,12636,249
2705989106,KjaerbyeCS,KJAERBYE,True,128990,288,3767,405
3022863239,Luminosity,Luminosity Gaming,True,474516,475,18504,580
2903398510,Slemmy_csgo,Alec White,False,7143,66,38,46
1609517533,Deligracy,Deligracy,True,155606,152,9060,307
349452932,TheIronMango,MangoTango,False,25677,466,12307,0
269046025,cinnamontoastk,CinnamonToastKen,True,3098530,409,2174,782
19084990,Kootra,Kootra,True,200803,322,12512,507
161418822,Nadeshot,100T Nadeshot,True,2941795,3056,11099,2488
3191059505,CSGOLotto,CSGOLotto,False,127862,74,1237,0
3382415499,coldzera,coldzera,True,685426,285,5349,794
3220885052,fer,Fernando Alvarenga,True,626203,338,8252,667
297504034,LaurenzSide,LaurenZside,True,295278,717,12816,289
4279638075,guardiancsgo,Ladislav Kov√°cs,True,202310,604,2364,510
2833268733,nitr0,100T nitr0,True,244263,1067,6418,660
369093922,AGamingBeaver,TheGamingBeaver,True,36071,339,3410,29
863559200,ZeusCSGO,Zeus VIBE ‚úåÔ∏è,True,157978,488,8146,505
2709291307,logtournament,Legends Of Gaming,False,18916,306,10333,0
239760107,YouTubeCreators,YouTube Creators,True,6458677,2077,25208,5462
19645671,UberHaxorNova,James,True,597197,787,17400,857
1214601686,eeyitscoco,Coco,False,1725,208,230,21
2923948912,koosta,Kenneth S,True,29183,374,2143,169
21597318,Rossperu,Ross Hornby,False,111848,428,8354,271
138423346,alsmiffy,Alex Smith,False,119680,485,12186,281
26162265,trottimus,Chris Trott,False,129119,619,8118,291
87060964,ImmortalHD,Aleks,True,331384,550,14189,413
310877442,JoshMarsh02,Josh Marsh,False,141,295,752,0
1679822588,GrianMC,Grian,False,233031,293,1400,0
15653423,craigums,Craig Kaufman,True,9257,3029,92484,148
3280310149,tylerisgonelol,dead account,False,1300,409,15883,4
1538338184,Vixella,sasha claus üéÖüèº,True,129424,712,12297,175
426111336,adamjmumford00,ìÜè Adam Mumford ìÜè,False,175,174,8067,1
154221292,Casey,Casey Neistat,True,2088463,3054,30653,4732
2891363009,TACOCS,Epit√°cio de Melo,True,538504,542,18210,689
474855958,linfnx,Lincoln "fnx" lau,False,510570,760,7914,427
3644811674,Stewie,Jake,True,471308,704,6278,703
4613834835,AstralisCS,Astralis Counter-Strike,True,387284,133,22765,854
3105133073,YNk,Janko Paunovic,True,116923,604,17055,476
112897001,FalleNCS,Gabriel Toledo,True,1156374,1371,28500,1076
2814979514,s1mpleO,Sasha,True,560879,369,3929,960
3353091027,denniscsgod,Apeks x dennis,True,143769,302,3311,428
995979576,timthetatman,timthetatmanüëë,True,2702093,1311,58428,1491
180463340,GameOfThrones,Game of Thrones,True,7926959,37583,60872,13900
1646400956,stunna,stunna,True,58049,1123,4871,242
1471247503,EntoanThePack,Entoan,False,53423,177,13976,83
466250750,MosesGG,Jason O'Toole,True,139650,1246,24989,563
2344563715,hazedCS,NRG hazed,True,131530,848,16995,397
1676857266,chrisJcsgo,Chris de Jong,True,89766,1005,10084,388
299859613,Drinky_,Jason üî™,False,228,98,25078,0
2413123389,caspercadiaN,cadiaN,True,97226,783,10345,281
1417678880,karriganCSGO,karrigan,True,323205,473,4306,768
577114056,neo_fkubski,neo_fk,True,89935,152,207,349
2846983649,byalics,Pawel Bielinski,True,67487,123,479,225
1151750658,g5taz,TAZ,False,127743,437,2141,438
14506253,joelmchale,Joel McHale,True,3311673,2326,8114,23657
3351760203,G2NiKo,NiKo,True,461981,498,6278,860
64531218,kittykhajiit,sam x,False,6126,769,59751,16
206263351,aureylian,Aureylian,True,166501,759,71523,647
731025997,MACHINEgg,MACHINE ///,True,119836,1352,21634,490
72064417,AlfieDeyes,Alfie Deyes,True,4790543,143,22093,4882
37972440,Joe_Sugg,Joe Sugg,True,4875740,2487,22757,0
55386535,HLTVorg,HLTV.org,True,437638,130,56677,1187
2825934283,SPUNJ,Chad Burchill,True,135609,810,34216,431
406566593,JeIIy,Jelly,True,365758,486,24721,399
18753000,SirScoots,Scott Smith,True,57421,952,104751,582
14631115,AmazingPhil,Phil Lester,True,7045258,362,38566,6240
40059553,danielhowell,Daniel Howell,True,7869171,852,19084,7051
372181722,maxmoefoe,Max,True,942067,864,29009,494
19596915,SammyAlbon,Sammy Albon,True,41488,283,34075,151
1397135946,NikiAlbon,niki albon,True,44434,315,42556,125
1040894400,dotttiejames,Dottie James,False,48782,699,7071,153
64565898,Minecraft,Minecraft,True,6127086,34,2457,4528
636531681,FreyaSpiers,Freya,False,30940,910,8232,67
396781557,joelcgg,Joel,False,985,1163,7272,11
339195461,nexcsgoo,nex,True,45940,492,1200,198
3410914911,gobelante,Fatih 'gob b' Dayik,True,55563,786,4896,252
925457341,Pala,Pala,True,92933,2174,61958,152
2491905056,Sqaishey,Sqaishey,True,212146,597,17255,199
609391732,Hypixel,Hypixel Studios,True,335245,871,97,327
315423731,HBomb94,HBomb94,True,609524,672,15129,1621
2361893610,ParkerGames,Parker Coppins,True,114024,817,19772,237
621656196,Strubber,strubber,False,113227,727,34577,218
1126948346,heyimbee,heyimbee,True,452869,712,14846,402
2658751782,PTR_tvCSGO,Peter Gurney,True,46439,664,9166,183
3405569452,yssoj_,Jossy,False,58,83,2342,0
1370855934,kiocsgoo,kioShiMa,True,197259,328,4543,470
526951671,Deji,Deji,True,2226982,502,8405,617
62930111,joe_weller_,Joe Weller,True,1458946,786,30098,394
34580014,HenryGcsgo,HenryG,True,138373,1750,11272,416
9989862,jacksfilms,jacksfilms,True,1828665,734,33513,1478
2461958994,nettyplays,NettyPlays,True,111071,513,25847,113
216430965,Caspar_Lee,Caspar Lee,True,5106675,2857,9162,4937
101798589,Maisie_Williams,Maisie Williams,True,2639398,349,3567,5305
2742776272,FaZe_rainCS,H√•vard Nygaard,True,334870,285,1500,564
1242539124,_Aphmau_,Aphmau,False,395166,314,12991,447
245473418,OnFireSemmler,Semmler,True,144596,1942,19535,617
383501757,JoshNissan,steel,True,183718,1036,24176,540
776214894,Fifflaren,Robin Johansson,True,132337,720,4167,407
3194201842,FreakazoidA,Ryan Abadir,True,140701,391,6599,298
716349360,Kiingtong,Will Kiing,True,99777,385,49976,221
71085454,SuperRed,SuperRed,True,111524,660,5601,134
167862279,Graser,Graser,True,164431,245,37099,376
420512951,tarik,tarik,True,409224,771,10103,718
1870980115,m0E_tv,mOE,True,241443,867,21150,0
424662948,BloopzTV,BloopzTV,False,155,130,467,0
1383966553,GODaZeD,Sam M,True,100604,449,5864,246
22083445,ddkesports,Daniel Kapadia,True,92226,881,13031,391
501150518,LydiaWatersx,Lydia Waters,False,215,0,180,1
23711472,megturney,Meg Turney,True,499269,613,67372,1890
427182684,adreN_Hoag,adreN,True,89361,349,5547,318
2313002094,JoshOG,JoshOG,True,322900,1251,22561,253
2938601992,RpKTANKK,C√©dric Guipouy - RPK MOTORSPORT,True,102449,401,1603,344
1227912542,Xyp9x,Andreas H√∏jsleth,True,253898,280,2921,686
2417677048,Vitality_apEX,Dan Madesclaire,True,239834,747,11229,587
552366919,flusha,Robin R√∂nnquist,True,212979,212,2622,624
723113462,brax1wnl,Brax,True,188725,999,1283,359
1732032055,dupreeh,Peter Rasmussen,True,283675,747,9127,738
2305948997,cajunbCS,Ren√© Borg,True,107764,610,1617,409
2305870420,dev1ce,Nicolai Reedtz,True,436484,406,5204,870
241382835,prattprattpratt,chris pratt,True,7988954,479,4028,12139
1615483848,Slogo,Slogo,True,229058,206,7992,183
135178088,OP_Talent,OP Talent Management,True,17468,581,13967,48
1104617071,Ayoayoayoo123,K,False,221,341,979,3
189735576,OMGitsfirefoxx,sonja,True,542596,849,13654,581
243662948,RichardHammond,Richard Hammond,True,3067275,138,2841,5694
304546834,fribergCS,Adam Friberg,True,251784,747,8312,687
958767739,alluCSGO,Aleksi Jalli,True,148822,278,3988,498
1469972862,Happy1,Vincent Schopenhauer,True,158300,669,4071,461
2363543587,shoxCSGO,Richard Papillon,True,263100,504,6758,710
1039631064,G2kennyS,kennyS,True,539188,874,11220,905
1365017234,ScreaM_,Liquid ScreaM üá≤üá¶,True,529087,820,9234,889
405053787,akukhoS,Ex6TenZ,True,111000,791,2988,372
469947002,GODpronax,Markus Wallsten,True,103784,254,1109,348
384855296,olofmeister,olofmeister,True,461522,347,4878,903
2596737199,Krimz,Freddy Johansson,True,184404,137,520,563
552651893,f0rest,Patrik Lindberg,True,292815,242,1775,736
1039738116,OfficialSmithZz,SmithZz,False,137498,532,2390,420
517077573,markiplier,Mark,True,13416835,360,8746,5263
77596200,Jacksepticeye,Jacksepticeye,True,7408722,441,16746,5353
546197366,JamesWillems,James Willems,True,300965,511,17961,545
37876253,brucegreene,Bruce Greene,True,295870,421,13385,552
14587578,adamkovic,Adam Kovic,True,320493,0,146,756
2698428074,stressed,1Ô∏è‚É£3Ô∏è‚É£,False,838,207,35,0
341146901,EditorJoe,Joseph Hawkins,False,899,331,6430,3
1276206235,OnFireAnders,Anders Blume,True,196070,3253,46709,676
17919972,taylorswift13,Taylor Swift,True,89513794,0,713,113608
20402638,jamesbardolph,James Bardolph,True,119365,1595,64129,438
897754452,Hiko,100T Hiko,True,426239,1212,14461,876
1708443876,summit1g,summit1g,True,1091805,1644,17297,978
16048740,JustinWong,Justin Wong,True,39440,767,2658,225
1452520626,Cloud9,Cloud9,True,1187389,831,44948,2514
1262258485,maikelele,Maikel Bill,True,155047,636,6036,383
2293112606,paszaBiceps,paszaBiceps,True,373608,342,5807,667
932821405,Ska,Tyler Latham,True,411389,665,5027,590
307886497,GeT_RiGhT,Christopher Alesund,True,352077,490,26433,925
307561952,Xizt,Richard Landstr√∂m,True,180745,402,3752,566
186888760,iHasCupquake,Cupquake,True,739856,1073,13989,1036
709743942,seangares,Sean Gares,True,202316,1614,24354,567
503875377,JW1,Jesper Wecksell,True,292386,227,5748,742
1542453360,shroud,Michael Grzesiek,True,1906133,838,8603,1629
1039791163,NBK,Nathan Schmitt,True,283684,831,23398,738
53343256,n0thing,Jordan Gilbert,True,354135,1614,17371,700
1017578276,TwoSyncOfficial,TwoSync (Chris & Mat),True,401869,330,46013,154
543794957,Behzinga,Ethan Payne,True,2550896,502,59294,810
759823321,miniminter,Wedgeman Simon,True,3092421,616,21312,1029
169118207,MyNamesChai,Chai,True,374827,390,61156,343
718167032,wroetoshaw,Harry,True,4038279,996,41131,1213
144556500,hat_films,Hat Films üé©,True,146955,159,11100,356
2653248140,PhilHam,Phil,False,2882,1764,6282,0
2818884683,JagexArchie,Archie,False,45912,464,6479,51
21164804,stacyplays,üêæStacyPlays,True,701914,288,13286,364
1026995130,ThomasKoetsier,Thomas,False,648,191,8,3
2800201329,BeanBlockz,BeanBlockz Network,False,3154,1,2167,0
133345893,BGibbles,Blaine Gibson,True,197720,507,5703,424
34507480,ArianaGrande,Ariana Grande,True,85092553,55564,47122,55606
730875392,dantdm,·¥Ö·¥Ä…¥·¥õ·¥Ö·¥çüíé,True,2006853,551,15531,2304
2252830538,repols,Sloper,False,444,224,19736,0
46806523,NinkComPoop,üåô NinkComPoop üçì,False,8438,1200,42197,37
549129445,SashaSpilberg,Sasha Spilberg,True,1223643,38,86,1027
722271991,AtlanticCraft,Cody,True,109469,243,27460,175
1620855385,jellywellywoowa,lim üåä,False,474,460,13391,5
16794568,JoeyGraceffa,Joey Graceffa,True,3800266,1018,27710,4002
288678547,ROBBOsickdog,Robbo | Josh üá¶üá∫,False,4317,621,1681,16
2504077493,AlfrdRS,AlfrdRS,False,10626,3031,2451,0
2279036881,JagexJohnC,John‚Ñ¢,False,31037,48,10888,45
1894180640,B0aty,B0aty,True,102422,951,22973,72
70850135,figureight,Merry Lexmas üéÑü¶å,False,6169,465,53663,35
62521480,AshleeeyMaarie,AshleyMarie üá¨üáßüá®üáæ,True,239347,1103,44576,293
2351829384,ItsBroomy,Broomy üôèüèº,False,13421,214,49042,20
846138907,Tomohawk1989,Tom,False,73345,764,24380,0
181732820,BaseSetTom,Tom Broomhall,False,949,798,22587,9
1343742583,TheJMC_,James,False,38696,345,39201,61
535555065,GizzyGazza,Gizzy Gazza,True,210205,502,23609,201
295946329,ThePrenti,Alex Prentice üè¥Û†ÅßÛ†Å¢Û†Å≥Û†Å£Û†Å¥Û†Åø,False,9243,994,33094,40
204530197,JchWong,J,False,597,313,2683,6
1455123781,brynagain,Bryn Higgins,False,19150,353,8911,40
780573108,iBallisticSquid,Squiddy,True,593102,437,21211,728
85501252,Diction,NICK,True,186011,1085,121511,387
39742346,Mangaminx,Degenerate Weeb,False,265342,721,52053,366
92727851,MrJamesMay,James May,True,3182141,260,12577,6431
556002688,AdamYT,adam,True,18447,358,1018,70
32318326,dlive22891,Dlive,False,79486,176,13924,98
294993710,Bigbst4tz2,BigBStatz,True,120181,846,38090,227
123870913,stampylongnose,Stampy Cat,True,735397,712,10184,1420
954427716,MarziaPie,Marzia Kjellberg,True,3866220,136,3086,1843
160942436,GassyMexican,Max Gonzalez,True,357659,1293,52849,781
386232168,renee,REN√âE,True,183462,1488,85941,530
326470894,TheGamingLemon,Li‚ÄôMon,True,246458,685,9348,311
133880286,LeoDiCaprio,Leonardo DiCaprio,True,19417897,235,2486,34323
171108403,SGCBarbierian,Nick / SGC,False,86825,1528,57792,84
16297193,AchievementHunt,Achievement Hunter,True,493095,559,28498,1206
328233137,dexbonus,Hexbonus üéÉ,True,411783,1163,48771,1319
1332972174,Mineplex,Mineplex,True,194793,23,13177,122
1660468830,hughlaurie,Hugh Laurie,True,1543249,518,2447,4823
499449593,JeromeASF,Jerome Aceti,True,805156,2382,17625,811
310922188,TheMilesLuna,Miles Luna (he/him),True,210518,915,29422,603
60565589,kimmieriot,KimmieRiot,False,4147,562,54768,23
203747496,Bajan_Canadian,Mitch,True,951499,776,871,960
55211470,Silentc0re,Silentc0re,False,16263,3596,22296,66
523499332,EdgeTalks,Edge,False,5935,184,28870,0
15615017,b0xx3r,Ed ‚Ä¢ b0xx3r,False,18252,225,3993,17
85147553,ItsByramTime,Byram,False,149,342,1127,4
989187301,VinnyDahAsian,Vinny Ê¶üÂ≥∞,False,2346,576,15383,4
1160838097,LiamTWiiN,Liam | Wolves üê∫,True,21000,938,44374,48
341655338,Doxpuff,DDoX Attack,False,130,169,373,2
15880163,Razer,R Œõ Z Œû R,True,3421302,1230,41155,4254
106607901,Juicetra,Juicetra.eth,True,55685,761,73555,298
38974837,shhhua,Josh Collins,False,16265,1174,2332,44
1000295179,Seapeekay,Seapeekay,False,277013,547,100988,378
332638587,aaronpaul_8,Aaron Paul,True,2542383,529,30,6323
321459483,FaZe_Rain,FaZe Rain,True,3298218,482,39873,1164
802939002,deanjnorris,Dean Norris,True,625814,218,2768,1838
211113224,Benvelopes,Benvelope,False,2363,156,3336,3
155620461,OMGitsAliA,Ali-A,True,2514489,960,60565,1931
147340798,Rated,RAted,False,58565,710,29368,75
541684348,xILubez,Lewbae,False,11367,693,33122,0
1554195344,Smajor1995,Scott Smajor,True,764348,797,14680,1370
256969140,GenesisMICZ,MICZ,False,37349,283,63688,0
170528152,Iamchiib,Chiib,False,7670,254,15076,77
61592079,hankgreen,Hank Green,True,1083891,829,44871,5470
315465682,smartereveryday,Smarter Every Day,True,336869,941,21308,1885
16674726,sWooZ1e,sWooZie,True,241302,30269,5642,782
307746524,Kross,kross.eth,True,122173,1992,73307,179
348056057,Pamaj,FaZe Pamaj,True,1221162,1084,149888,789
7846,ijustine,iJustine,True,1796841,2726,60487,14458
169136293,PolarisTweets,Polaris,False,81308,528,11785,374
14888578,Strawburry17,Meghan Camarena,True,189167,4827,45430,1039
35777926,MattHullum,Matt Hullum,True,145265,537,4733,501
7890392,ashleyburns,Ashley Burns (n√©e Jenkins),True,190017,584,15053,803
296774211,ChrisArchieRS,Chris Archie,False,23279,348,14553,0
580119678,ssophiabella,Sophie,False,71,198,469,0
419688865,JaackRobinson,Jack1üêê,False,271,216,46313,0
51008528,Tobjizzle,Uncle Lord Tobi,True,2552219,1671,153767,808
19534006,TomChampion,Tom Champion,False,4980,2321,879,108
30817647,bdunkelman,Barbara Dunkelman,True,453868,815,28451,1258
26565946,jtimberlake,Justin Timberlake,True,63327638,328,4342,67859
402232986,awhmi,Awhmi,False,76657,427,2666,95
6243142,RayNarvaezJr,rayyy lmao,True,621494,375,46517,1082
19334276,ChrisDemarais,Chris Demarais,True,161249,681,7900,434
466876723,DanielGruchy,Daniel Gruchy,True,169503,651,1877,339
398092540,realmikefox,Michael J. Fox,True,1476696,197,828,4619
280850904,Howsonn,Ray Von,False,1769,431,98205,12
20201726,russellhoward,Russell Howard,True,1314863,45,1807,1664
311148794,danielleisace,Danielle,False,127,407,1946,0
234498554,Puttock_C,Puttock,False,86,92,10369,1
18713314,nickjfrost,Nick Frost,True,1271565,838,18030,8722
108621190,Aplfisher,Scott Fisher,False,35832,551,43064,128
151532980,LewShrigley,Shrigley,False,151,368,9480,0
729060408,sarahchalke,Sarah Chalke,True,231517,256,1108,736
319310377,StuffedDom,Dom,False,394,105,60148,9
288275510,DiBM8,DiB VE,False,18629,274,49930,18
443215941,Sethrogen,Seth Rogen,True,9274888,1796,11202,10973
21705931,travisbarker,Travis Barker,True,1547702,1908,17848,9968
22461427,alyankovic,Al Yankovic,True,5028617,623,4256,28192
18055737,johngreen,John Green,True,4626141,819,1118,11851
240337795,Tobiias,Toby Dobson,False,109092,584,95500,143
69981632,VidCon,VidCon,True,343293,916,13717,1155
17711046,PixieLott,Pixie Lott,True,1404599,7840,15535,4854
1030500523,JossyClemp,JC,False,361,253,3056,0
5402612,BBCBreaking,BBC Breaking News,True,48566042,3,37665,143430
48030836,empatrick_x,emma patrick,False,205,406,3130,2
22466748,YoshiToMario,YoshiToMario üêâ,False,26331,1057,43220,83
972902124,Holly_S_40,Holly,False,57,52,105,0
15028747,InTheLittleWood,Martyn Littlewood,True,245247,1161,108467,616
71640497,Pyrao,Paul,False,49517,624,32764,324
19513672,captaingra,Graham Dwyer,False,464,311,938,8
19742143,alandavies1,Alan Davies,True,808117,461,16168,6339
466944131,xSophieSophie,Sophie‚ô•,False,4371,121,53130,15
80096621,BryanCranston,Bryan Cranston,True,2193867,78,795,6300
328249744,ThePiscesPixie,PiscesPixie üíó,False,20059,247,27825,49
268270621,Vikkstar123,Vikkstar123 ‚òÖ,True,3061075,1242,80202,1561
256573865,JonahHill,Jonah Hill,True,4435519,1,75,11600
50374439,tomhanks,Tom Hanks,True,16366664,25,948,43239
17336417,jackwhitehall,Jack Whitehall,True,6115506,1268,10699,3933
709482578,YogscastLewis,Lewis Brindley,True,346830,404,6833,613
278434573,mattsmith_dw,Matt Smith,False,157869,0,2,607
283441072,DeanDobbs,Dean Dobbs üêô,True,148503,744,50574,397
25087909,arobertwebb,Robert Webb,True,530705,458,17908,3638
14500681,sorola,Gustavo Sorola üá∫üá∏,True,402073,93,521,1232
14123683,andy_murray,Andy Murray,True,3527335,151,3082,14907
21955058,markhoppus,Mark, the Herald Angels Sing,True,2722880,684,3023,11442
55309264,GeoffLRamsey,Geoff Ramsey,True,537637,545,4964,1355
298791059,AH_Michael,Michael Jones,True,783002,482,1571,1257
231963247,TheOrionSound,Oli,False,174964,1231,6243,126
18948541,SethMacFarlane,Seth MacFarlane,True,13744641,499,226,29520
14503124,burnie,Burnie Burns,True,622996,1002,33,1632
14903310,RoosterTeeth,Rooster Teeth,True,986257,521,32791,2747
57841792,GavinFree,Gavin Free,True,797814,1474,8232,1805
324034389,jvckk,jvckk,False,8037,570,32779,32
76351820,louistheroux,Louis Theroux,True,2216706,2530,4024,3416
482526151,SimonHoneydew,Snowman Punnydew,False,227112,399,20680,650
94075123,dandino66,Dandino,False,319,261,25496,0
19088665,ChilledChaos,Chilled Chaos,True,720717,1211,81204,527
57313223,DanAllen93,Dan Allen,False,226,530,426,6
207215606,samtippin,Sam Tippin,False,23,103,7,0
582128539,robbiemoodie,dan ballantyne,False,45,40,468,0
14126785,ZackScott,ZackScott,True,212399,642,6474,330
100649666,JERICHO,TUCKER,True,668756,886,29619,681
43192807,Pixar,Pixar,True,11811899,73,9990,24490
33010427,Utorak007,utorak,False,54936,696,3003,152
19394186,charltonbrooker,Charlie Brooker,True,1271179,552,10942,9758
566257072,SmartphonePubQz,SmartphonePubQz,False,94,113,73,2
56927066,donald_faison,Donald Faison,True,536747,519,5783,2839
338719562,TwoFace240,George,False,14127,282,3014,4
527526077,JeremyClarkson,Jeremy Clarkson,True,7561872,198,7741,9638
147060840,KaitlinWitcher,Kait,False,147716,237,63765,355
22548403,TomFelton,Tom Felton,True,3155248,783,10376,14751
437791092,Ryan_Garg,Ryan,False,235,0,9240,1
244441120,FaZeApex,FaZe Apex,True,2462542,698,52053,956
8115852,CharlesTrippy,Charles Trippy,True,433917,593,20828,2644
471287735,GaryLineker,Gary Lineker üíô,True,8256333,1210,42515,13521
42861755,thetomska,Thomas ‚ÄòTomSka‚Äô Ridgewell,True,460828,452,15461,700
147973743,ZerkaaHD,ùôÖùôäùôéùôÉ ùôïùôÄùôçùôÜùôÄùôç,True,2260498,1109,93535,942
17336372,frankieboyle,Frankie Boyle,True,2706063,1240,1029,5204
465800606,_IanGroves,ian,False,113,76,1170,0
258140881,LDShadowLady,üåºüå∫ LDShadowLady üå∫üåº,True,809167,1700,4977,862
266135518,KSI,LORD KSI,True,7270898,884,2251,2642
425209205,DMCQuotes,DMC Quotes!,False,156,9,44,0
21766980,Sam_DMC_,Sam,False,148,407,5383,0
410122521,Tim_Mrvl,timeegee,False,166,136,7668,8
29268463,Dynamomagician,Dynamo,True,2004081,234,34910,2306
395477244,tweetsauce,Vsauce,True,1301227,1224,6962,3789
76997832,zachbraff,Zach Braff,True,1949591,209,18121,6954
73992972,AvrilLavigne,Avril Lavigne,True,20679882,139,4266,0
168758456,chrispolden92,Chris,False,143,86,175,0
190229298,PuLsEv3,Anders M√∏ller,False,1801,236,9160,3
208308638,TACTIIC,Justin,False,2397,402,29608,9
19562228,rustyrockets,Russell Brand,True,11015331,616,16491,46806
279387456,Wisiu,Misiu,False,1265,19,7041,3
166739404,EmmaWatson,Emma Watson,True,28871013,396,1857,40761
214211185,FearCrads,Mike Craddock,False,66183,1447,255,177
295794834,Merpoko,Benito,False,5522,380,10146,4
237870401,realjknoxville,Johnny Knoxville,True,1680069,36,1623,3017
135235026,TinnyFN,Tinny,True,16052,722,29651,27
216589761,Callux,Lux,True,1599054,942,25100,556
141021153,TmarTn,TmarTn,True,1687806,1459,95895,1020
150018526,BrandonJLa,Brandon J Laatsch,False,75313,235,7755,465
19789046,yogscast,The Yogscast,True,610568,486,28762,1606
266063941,Leweyy_,Lewey,False,598,555,2987,3
14202104,coollike,Charlie McDonnell,True,495723,421,6109,3867
285332860,WayneRooney,Wayne Rooney,True,17168670,510,3169,27544
105297123,EASPORTSFIFA,EA SPORTS FIFA,True,8715299,357,270880,7457
284422688,hutchinson,Hutch,True,345923,1618,78195,630
134517120,Calfreezy,Calfreezy,True,1894252,856,115291,647
188443111,TheFPShow,Dmitri,False,270615,14,10941,813
84565527,JameesClark,james,False,379,2241,8680,0
153918448,CaptainSparklez,CaptainSparklez,True,4388179,325,12253,1870
155659213,Cristiano,Cristiano Ronaldo,True,96001406,60,3742,84398
264343382,aMOODIEswede,Bobby,False,10118,321,14966,14
165206243,Zeyrion,Lloyd,False,4432,153,12692,13
18963070,fwong,Freddie Wong,True,394321,1524,1318,2294
20565284,elliegoulding,Ellie Goulding,True,6405925,607,18137,8226
22784458,Fwiz,Ryan Wyatt (fwiz.eth),True,398139,6274,2923,1122
18887526,RealDMitchell,David Mitchell,True,2378556,775,8238,10498
176611682,R9Rai,Danny Rai,False,118362,1305,22131,123
226284158,10oClockLive,10 O'Clock Live,False,23573,22326,1019,536
207450705,_sulemanomar,Suleman,False,2108,415,24172,8
10228272,YouTube,YouTube,True,73798127,1208,39451,1
8943,jesus,Jesus Christ,False,760641,0,259,6819
27437523,GTEazyx,Eazy,False,8502,610,60062,22
20508222,hollywills,Holly Willoughby,True,7254632,290,7110,6514
215952307,JKCorden,James Corden,True,11021950,2582,13942,8424
218611103,MattyMondays,Matty,False,5098,292,52002,10
17587207,boburnham,Bo Burnham,True,2130508,559,5651,5693
22940219,Eminem,Marshall Mathers,True,22518644,0,1111,53801
43815496,TheRealRyanHiga,Ryan Higa üß¢,True,1884765,2171,27481,5446
17753033,wossy,Jonathan Ross,True,4951277,9683,26506,11329
25421732,johnmemes,John,False,18900,647,39430,105
95332892,OperatorPerry,Billy Perry,False,15645,290,4095,91
111164068,Shorewarz,Anthony Rogers,False,15251,533,6580,0
19818494,Fearnecotton,fearne cotton,True,6752581,575,20810,8401
19970709,ChrisMoylesShow,Chris Moyles Show,False,414614,7,1122,1409
28149277,sark,Mr Sark,True,347693,291,1391,567
52551600,JimCarrey,Jim Carrey,True,18647496,1,4676,53436
82030021,SeaNanners,Adam Montoya,True,770525,113,9143,1398
17020962,jimmycarr,Jimmy Carr,True,6686482,392,4707,12604
6351572,PhillyD,Philip DeFranco üëäüèª,True,1241939,1566,3352,6293
105035129,Trumpfy,Jonathan Trumpf,False,12165,599,40801,105
15169196,kassemg,Kassem G4TV üõ∏,True,251033,1047,9382,2150
72379836,XBLzzirGrizz,zzirGrizz #nVn,False,62854,631,15683,117
104155395,SAM5000i,Sam,False,26398,762,6964,98
51899148,TheTrout91,Chris Trout,False,30215,1604,114915,144
95980722,tejbz,Tobias | CODE TEJBZ,True,83991,459,52642,379
19982092,ChrisMoyles,Christopher Moyles,True,3523614,239,14440,6755
